Equipment Category,Manufacturer Name,Model Name,Dimensions,column4
RRU/RRH,Ericsson,5904W,400mm x 300mm x 150mm,
Dish,TBD,TBD,0.90m,
RRU/RRH,TBD,TBD,400mm x 300mm x 150mm,
Antenna,HUAWEI,ADU4518R6V06,1365mm x 269mm x 86mm,
RRU/RRH,Huawei,5508,400x300x150,
Antenna,TBD,TBD,1999mm x 349mm x 166mm,
RRU/RRH,Huawei,5904W,400X300X150,
Antenna,Huawei,ADU4516R6v06,1999x429x196,
Antenna,Huawei,ADU4518R6V06,1365x269x86,
RRU/RRH,Huawei,3952,400x300x170,
Antenna,Coomscope,LNX-6515DS-A1M,2650x180x301,
RRU/RRH,Huawei,3952,400mm x 300mm x 170mm,
Dish,Huawei,Huawei,1.2,
Antenna,Commscope,LNX-6515-DS-A1M,2650mm x 180mm x 301mm,
Dish,HUAWEI,,1.20m,
RRU/RRH,Huawei,5508,400x300x120,
Antenna,Huawei,LNX6515DS-A1M,2650x180.5x301,
RRU/RRH,Huawei,5508,400mm x 300mm x 120mm,
Dish,Huawei,Huawei,0.6,
Dish,HUAWEI,,0.60m,
RRU/RRH,Huawei,3952,400x300x150,
Antenna,Commscope,LDX-6516DS-VTM,2577x269x132,
RRU/RRH,Huawei,3952,400mm x 300mm x 150mm,
Antenna,Commscope,LDX-6516-DS-VTM,2577mm x 269mm x 132mm,
RRU/RRH,Huawei,5903,400mm x 300mm x 120mm,
Antenna,Commscope,LNX-6515-DS-VTM,2453mm x 301mm x 180.50mm,
RRU/RRH,Huawei,5508,480x356x140,
Dish,HUAWEI,A7W09MDD-3NX,0.90m,
Antenna,Commscope,LNX-6515DS-A1M-KT,2650mm x 301mm x 180mm,
RRU/RRH,Huawei,5508,480mm x 356mm x 140mm,
Dish,HUAWEI,VHLP2-15-NC3,0.60m,
Dish,Huawei,A7W09MDD-3NX,0.9,
Antenna,CommScope,LNX-6515DS-VTM,2650x301x180,
Dish,CommScope,VHLP2,0.6,
RRU/RRH,Huawei,5904W,400 x 300 x 150 mm,
Antenna,Huawei,ADU4518R1V06,1360 x 260 x 86 mm,
Antenna,PD,PD,PD,
Dish,PD,PD,1.20 m,
Antenna,Huawei,ADU4518R6v06,1365x269x86,
Antenna,Huawei,ADU4516R6V06,1999x429x96,
RRU/RRH,Ericsson,3942,485 x 380 x 170mm,
Antenna,HUAWEI,ADU4518R6V06,"1,365.00cm x 269.00cm x 86.00mm [537.4"" x 105.91"" x 3.39""]",
RRU/RRH,TBD,TBD,400 x 300 x 100mm,
Antenna,TBD,TBD,"1,999.00cm x 349.00cm x 166.00mm [787.01"" x 137.4"" x 6.54""]",
Dish,HUAWEI,A07S06HAC,0.90m,
Dish,HUAWEI,A07S06HAC,0.6,
RRU/RRH,Ericsson,5904,400 x 300 x 150mm,
Antenna,Huawei,AQU4518R23v18,1499x429x196,
Antenna,HUAWEI,ADU4518R6,1365 x 299 x 1090mm,
Antenna,TBD,TBD,1999 x 349 x 166mm,
RRU/RRH,Huawei,5512,480x356x140,
Dish,HUAWEI,,0.90m,
RRU/RRH,HUAWEI,5904W,400x300x350mm,
Antenna,HUAWEI,ADU4518R1V06,1365x299x109mm,
RRU/RRH,TBD,TBD,518x470x156mm,
Antenna,HUAWEI,AAU5339W,699x395x160mm,
Antenna,Huawei,AAU5339W,699x395x160,
Antenna,Huawei,ADU4518R6V06,1365x299x109,
Antenna,Huawei,ADU4518R1V06,1365x269x86,
Antenna,HUAWEI,ADU4518R1V06,1360mm x 260mm x 86mm,
Antenna,HUAWEI,ADU4518R1V06,1365mm x 269mm x 86mm,
RRU/RRH,Huawei,3908,485x380x170,
Antenna,Commscope,LDX-6515DS-VTM,2073mm x 269mm x 132mm,
RRU/RRH,Huawei,3942,485x380x170,
Antenna,Commscope,NNVV-65C-R4,2438mm x 498mm x 197mm,
RRU/RRH,Huawei,5301,400x300x100,
Antenna,Commscope,2UPX210B-T2,2533mm x 640mm x 235mm,
Antenna,Commscope,HWXX-6516DS1-VTM,1390mm x 305mm x 118mm,
RRU/RRH,HUAWEI,3942,485mmx380mmx170mm,
Antenna,Commscope,LDX-6515DS-VTM,2073x269x132,
RRU/RRH,HUAWEI,5301,400mm x 300mm x 100mm,
Antenna,Commscope,NNVV-65C-R4,2438x498x197,
RRU/RRH,HUAWEI,3908,485mm x 380mm x 170mm,
Antenna,Commscope,2UPX210B-T2,2535x640x235,
RRU/RRH,HUAWEI,5508,400mm x 300mm x 150mm,
Antenna,Commscope,HWXX-6516DS1-VTM,1390x305x118,
RRU/RRH,Ericsson,5904W,400 x 300 x 150mm,
Antenna,Huawei,ADU4518R1V06,1999 x 349 x 166 mm,
RRU/RRH,TBD,,610 x 380 x 200mm,
Antenna,HUAWEI,AAU5339W,699 x 395 x 160 mm,
Dish,TBD,,1.20m,
Antenna,Huawei,ADU4518R6V06,1999x349x166,
Antenna,Huawei,AMB4519R5V06,2685x359x178,
RRU/RRH,,B02-1900/RRU,610 x 380 x 200 mm,
Antenna,Comba,DXX1710,1954 x 323 x 89 mm,
RRU/RRH,Huawei,5508,480 x 356 x 140 mm,
Dish,Ericsson,,0.90 m,
RRU/RRH,Huawei,5904,400 x 300 x 150 mm,
Antenna,Huawei,AMB4519R40v06,2099 x 499 x 206 mm,
RRU/RRH,Huawei,5304,400 x 300 x 150 mm,
Dish,Huawei,A7WD06MDD-3NX,0.6 m,
Antenna,HUAWEI,ATR4518RV06,2230mmx360mmx145mm,
RRU/RRH,Huawei,5909,400x300x120,
Antenna,HUAWEI,AAU5339W,699mmx395mmx160mm,
RRU/RRH,Huawei,B050850,524 x 470 x 158 mm,
Dish,Ericsson,,0.90m,
RRU/RRH,,,400 x 300 x 150 mm,
Antenna,HUAWEI,AMB4519R5V06,1468mmx349mmx166mm,
RRU/RRH,Huawei,B05-0850,524X470X158,
Dish,Huawei,A15S06HAC,0.6,
RRU/RRH,HUAWEI,5909,400mmx300mmx120mm,
RRU/RRH,HUAWEI,5904,400mmx300mmx120mm,
Dish,Huawei,A15S12HAC,1.2,
Antenna,Huawei,ATR4518R6v06,1999x349x166,
Antenna,Commscope,LDXX-6515DS-VTM,2070x549x165,
Antenna,Andrew,LDX-6515DS-VTM,2073 x 269 x 132 mm,
Antenna,Andrew,LDXX-6515-VTM,2070 x 549 x 165 mm,
Dish,Huawei,,0.6 m,
RRU/RRH,,B02-1900 / RRU,610 x 380 x 200 mm,
Antenna,Huawei,ADU4518R1v01,1365x269x86,
Antenna,Huawei,DXX-1710-2200/1710-2200-65/65-19.5i/19.5i-M/M,1954 323 x 89 mm,
RRU/RRH,,B02-1900/ RRU,640 x 380 x 200 mm,
Antenna,Huawei,ATR4518R6-V06,1999x349x166,
Antenna,Huawei,DXX-1710-2200/1710-2200-65/65-19.5i/19.5i-M/M,1954 X 323 X 89 mm,
Dish,Ericsson,PD,0.90m,
Antenna,Huawei,ADU4518R1V06,1365 x 269 x 86 mm,
RRU/RRH,Ericsson,5904,400 x 300 x 150 mm,
Dish,Ericsson,Minilink,1.20 m,
Dish,Huawei,A15S09HAC,0.90 m,
Dish,PD,PD,0.90 m,
Dish,Ericsson,UKY21040/SC15,1.2,
Dish,Huawei,A15S09HAC,0.9,
RRU/RRH,Huawei,5903,400 x 300 x 120 mm,
Antenna,TBD,,"2,073.00cm x 269.00cm x 132.00mm [816.14"" x 105.91"" x 5.2""]",
RRU/RRH,,TBD,400 x 300 x 120 mm,
Dish,,VHLP218-NC3,0.60m,
RRU/RRH,Ericsson,01 B2,636 x 383 x 169 mm,
Antenna,Commscope,LDX-6515DS-VTM,2073x269x132mm,
RRU/RRH,Ericsson,12 B2,518 x 470 x 156 mm,
Antenna,CommScope,RVV-65D-R3,2688x350x208,
RRU/RRH,Huawei,5903,400x300x120,
Antenna,Andrew,HBX6516DS-VTM,1306 x 168 x 84 mm,
Antenna,Andrew,HBXX6516DS-VTM,1290 x 300 x 160 mm,
Dish,Huawei,A15S03HAC,0.3 m,
Antenna,Huawei,AMB4520R9V06,2550x399x196,
Dish,Huawei,A7W06MAC-3NX,0.6,
Antenna,,,,
Dish,,,,
RRU/RRH,Huawei,5258,480x356x140,
Antenna,Huawei,ATD4516R8V08,1100x259x135,
RRU/RRH,Huawei,5639W,965mm x 470mm x 160 mm,
Antenna,Andrew,LDX-6515DS-VTM,2073mm x 269mm x 132mm,
RRU/RRH,Huawei,3936,400mm x 300mm x 100mm,
Antenna,Andrew,RVV-65D-R3-KT,2830mm x 460mm x 350mm,
RRU/RRH,Huawei,3804,488mm x 280mm x 155mm,
Antenna,HUAWEI,5639W,965mm x 470mm x 160mm,
Antenna,CommScope,RVV-65D-R3-KT,2830x460x350,
RRU/RRH,Huawei,5639W,965x470x160,
Antenna,Huawei,5639W,965x470x160,
Antenna,CommScope,LDX6515DS-VTM,2073x269x132,
RRU/RRH,Huawei,3804,488x280x155,
RRU/RRH,Huawei,3936,400x300x100,
Antenna,Huawei,ATR4518R6v06,1365x299x109,
RRU/RRH,Huawei,5909,400x300x100,
RRU/RRH,Huawei,5904w,400x300x350,
RRU/RRH,Huawei,3971,400x300x120,
Dish,,,60 cm,
RRU/RRH,Huawei,5818,480x356x140,
Antenna,PD,PD,0.6 m,
RRU/RRH,Huawei,3936,470X300X120,
RRU/RRH,Huawei,3952,400 x 300 x 150 mm,
RRU/RRH,Huawei,3281,400 x 300 x 150 mm,
Antenna,Huawei,RVVS4-65M-R4,999x350x208,
RRU/RRH,Huawei,3936,400x300x120,
RRU/RRH,Huawei,5904,400x300x120,
Antenna,Commscope,Andrew HBX6516VTM,1306x166x83,
RRU/RRH,,,,
RRU/RRH,Huawei,5904,400x300x150,
Dish,,,0.6m,
Dish,,,1.2 M,
Antenna,Huawei,AAU5726,1080x670x220,
Antenna,Huawei,ADU4518R1V06,1365x299x109,
Dish,Huawei,A15S03HAC,0.3,
RRU/RRH,HUAWEI,5904W,400x300x150mm,
RRU/RRH,TBD,,518x470x156mm,
Antenna,HUAWEI,ADU4518R1V06,1365x269x86mm,
Dish,TBD,TBD,0.60m,
Antenna,TBD,TBD,2133x356x178mm,
Dish,TBD,TBD,1.20m,
RRU/RRH,B02-1900 /RRU,610 x 380 x 200 mm,25 kg,
Dish,Ericsson,0.90 m,45.81 kg,
Antenna,Huawei,ADU4518R1v06,1365x289x86,
Dish,Cambium,3082HH,0.6,
RRU/RRH,HUAWEI,3936,400x300x100mm,
RRU/RRH,HUAWEI,3942,485x380x170mm,
RRU/RRH,HUAWEI,AAU5339W,699x395x160mm,
Antenna,Commscope,2CPX208R V3,"2,090.00cm x 504.00cm x 118.00mm [822.83"" x 198.43"" x 4.65""]",
RRU/RRH,Huawei,3804,485 x 285 x 170mm,
Antenna,Commscope,LDXX6515DS-VTM,"2,073.00cm x 269.00cm x 132.00mm [816.14"" x 105.91"" x 5.2""]",
RRU/RRH,Huawei,5903,400 x 300 x 120mm,
Antenna,HUAWEI,ADU-4518R1V01,1365x269x86mm,
RRU/RRH,Huawei,3804,2090x504x118,
Antenna,Commscope,LDX-6516DS-VTM,2570x260x130mm,
RRU/RRH,Huawei,5903,485x380x170,
Antenna,Huawei,LDX-6515DS-VTM,2073x269x132,
Antenna,Huawei,2CPX208RV3,2570x260x130,
RRU/RRH,B02-1900,RRU,610 mm x 380 mm x 200 mm,
Antenna,Huawei,ATR4518R6v06,1999 mm x 349 mm x 166 mm,
Antenna,PD,,2115mm x 265mm x 145mm,
RRU/RRH,HUAWEI,5304W,400mm x 300mm x 150mm,
Dish,HUAWEI,A7WD06MAC-3NX,0.60m,
RRU/RRH,HUAWEI,5904W,400mm x 300mm x 150mm,
Antenna,HUAWEI,AMB4519R40V06,2099mm x 499mm x 206mm,
RRU/RRH,Huawei,5904W,400 x 300 x 150,
Dish,PD,PD,0.60m,
Antenna,HUAWEI,ADU4518R21V06,1499mm x 449mm x 115mm,
Antenna,Huawei,AQU4518R21V06,1499x449x115,
Dish,Huawei,A7WD06MAC,0.6,
Antenna,Huawei,AMB4519R40v06,2099x499x206,
Antenna,HUAWEI,ADU4518R1V06,1365mmx269mmx86mm,
RRU/RRH,PD,PD,480mm x 360mm x 140mm,
RRU/RRH,HUAWEI,5904,400mm x 300mm x 150mm,
Antenna,Huawei,AMB4519R6V06,2099x399x196,
Antenna,HUAWEI,AMB46519R6V06,2099mm x 399mm x 196mm,
Antenna,HUAWEI,AAU5339W,699mm x 395mm x 160mm,
Dish,PD,PD,1.20m,
Antenna,HUAWEI,ADU4518R1V06,1365mm x 299mm x 109mm,
RRU/RRH,HUAWEI,5258,480mm x 360mm x 140mm,
Antenna,HUAWEI,ATD4516R8V08,1100mm x 260mm x 130mm,
RRU/RRH,Huawei,5258,480x360x140,
Antenna,HUAWEI,AMB4520R9V06,2550mm x 399mm x 196mm,
Antenna,Huawei,ATD4516R8V08,1100x260x13,
Antenna,,,2' (60cm),
Antenna,,,2.4 x 0.30 m,
Antenna,,,4' (120cm),
Dish,,,up to 1.2 mts,
Antenna,,,"2"" (60cm)",
RRU/RRH,Huawei,5903,420X300X120,
RRU/RRH,Huawei,3036,400X300X100,
RRU/RRH,Huawei,5304,400x300x150,
Dish,,,up to 1.2 m,
Antenna,,,4'(120cm),
Dish,Huawei,A15S06HAC,0.6,
Antenna,,,4' (120 cm),
RRU/RRH,Huawei,3952,480x380x70,
RRU/RRH,Huawei,3804,480x280x150,
Antenna,Huawei,RVV-65D-R3,2688x350x208,
Antenna,,,0.6 m,
Antenna,,,1.2 m,
Antenna,Huawei,ADU4518R1V06,1365x269x83,
Dish,Huawei,A7WD09MDD-3NX,0.9,
Antenna,Commscope,RVVS4-65M-R4,999x350x208,
RRU/RRH,HUAWEI,5904,400 x 300 x 150mm,
RRU/RRH,TBD,TBD,636 x 383 x 169mm,
Antenna,HUAWEI,AAU5339W,699 x 395 x 160,
Dish,HUAWEI,A15S06HAC,0.60 m,
Dish,TBD,TBD,1.20 m,
Antenna,TBD,TBD,1360 x 260 x 86 mm,
RRU/RRH,Huawei,3952,400x300x120,
Antenna,Huawei,ADU4518R1V06,1360x299x11,
Antenna,Comscope,LDX-6515DS-VTM,2073x269x132,
RRU/RRH,Huawei,3936,400x300x100,
RRU/RRH,Huawei,5301,400 x 300 x 100 mm,
Antenna,Commscope,RVV-65D-R3,2688 x 350 x 208 mm,
RRU/RRH,Huawei,3942,485 x 380 x 170 mm,
Antenna,Commscope,2CPX208R-V3,2090 x 504 x 118 mm,
RRU/RRH,Huawei,5903,400 x 300 x 150 mm,
Antenna,Commscope,AAU5711a,1400 x 395 x 175 mm,
RRU/RRH,Huawei,5508,400 x 300 x 150 mm,
RRU/RRH,Huawei,AAU5711a,1400 x 395 x 175 mm,
Antenna,Commscope,AMB4519R5v06,2685x359x178,
Antenna,Commscope,2CPX208R-V3,2090x504x118,
RRU/RRH,Huawei,5903,400x300x100,
Antenna,Huawei,AAU5711,1400x395x175,
RRU/RRH,Huawei,AAU5711a,1400x395x175,
Dish,,,0.6 m,
RRU/RRH,Huawei,3936,400 x 300 x 120 mm,
Antenna,Commscope,LDX6515DS-VTM,2073 x 269 x 132 mm,
RRU/RRH,RRU,5301,400 x 300 x 170 mm,
RRU/RRH,,B02-1900 / RRU,610 x 380 x 220 mm,
Dish,Ericsson,PD,0.90,
RRU/RRH,PD,PD,400mm x 300mm x 150mm,
Antenna,PD,PD,"1,365.00mm x 269.00mm x 86.00mm [53.74"" x 10.59"" x 3.39""]",
Dish,HUAWEI,A15S03HAC,0.30m,
Antenna,HUAWEI,ADU4518R1V06,"1,365.00mm x 269.00mm x 86.00mm [53.74"" x 10.59"" x 3.39""]",
RRU/RRH,Huawei,RRU 5904,400mm x 300mm x 150mm,
Antenna,Huawei,ADU4518RV06,1365mm x 269mm x 86mm,
RRU/RRH,Huawei,RRU3971,400 mm x 300 mm x 100 mm,
Antenna,Huawei,CFGPS-38BH,0.10x0.10x0.20,
Antenna,Huawei,AAU5835f,2099x470x330,
RRU/RRH,Huawei,5904,300 120 x 100 mm,
Antenna,Andrew,LDX-6516-VTM,2574 X 269 132 mm,
RRU/RRH,Huawei,5909,400 X 300 X 120 mm,
Antenna,Huawei,ADU 451BR,1131 x 323 x 89 mm,
Dish,Huawei,,1.2 m,
RRU/RRH,Huawei,AAU5339W,699x395x160,
Antenna,CommScope,DBXLH-6565EC-VTM,2577x269x132,
Dish,TBD,TBD,0.90 m,
RRU/RRH,HUAWEI,3936,400mm x 300mm x 120mm,
Antenna,HUAWEI,ADU4518R1V01,1365mm x 299mm x 109mm,
RRU/RRH,HUAWEI,AAU5339W,699mm x 395mm x 160mm,
Antenna,Andrew,DBXLH-656EC-VTM,2574mm x 269mm x 132mm,
Dish,Ericsson,MiniLink,1.20m,
Antenna,TBD,TBD,1365x269x86mm,
Dish,HUAWEI,3082HH,0.60m,
Dish,Ericcson,Mini-Link,1.2,
Antenna,Huawei,ADU4516R6v06,1999x349x166,
Dish,Cambiun,3082HH,0.6,
RRU/RRH,Huawei,3908,485 x 380 x 170 mm,
Antenna,Commscope,CCVVPX308.11 R-C3,2100 x 498 x 197 mm,
Antenna,Huawei,AMB4520R9V06,2550mm x 399mm x 196 mm,
Antenna,Huawei,AAU5339W,699mm x 395mm x 160 mm,
Antenna,Huawei,ATR4518R6V06,1999mm x 349mm x 166 mm,
RRU/RRH,Ericsson,5909,400mm x 300mm x 100mm,
Antenna,CommScope,CCVVPX308.11R-C3,2100x498x197,
RRU/RRH,Ericsson,RRU 01 B2,636 x 383 x 169 mm,
Antenna,RYMSA,BGD3-800TV,1340 x 300 x 90 mm,
RRU/RRH,Ericsson,RRU 11 B2,636 x 383 x 169 mm,
Dish,Huawei,A15S06HAC,0.3 m,
Dish,Ericsson,Mnilink,0.6 m,
Dish,Ericsson,UKY21095/SC11,0.6,
Antenna,Moyano,MY196518,1302 x 155 x 70 mm,
Antenna,Commscope,HBXX-6516DS-VTM,1290 x 300 x 160 mm,
Antenna,,,2133 x 356 x 178 mm,
Dish,Huawei,A15S06HAC,0.6 m,
RRU/RRH,HUAWEI,3936,400mmx300mmx100mm,
RRU/RRH,HUAWEI,3971,400mmx300mmx100mm,
Antenna,TBD,TBD,2570mmx260mmx130mm,
RRU/RRH,TBD,TBD,400mmx300mmx100mm,
Dish,HUAWEI,A15S06HAC,0.60m,
Antenna,Andrew,DBXLH-6565EC-VTM,2570mmx260mmx130mm,
Antenna,Commscope,LDX6516DS-VTM,2574x269x132,
RRU/RRH,Huawei,5904,400X300X15,
Dish,Ericsson,UKY21095,0.6,
RRU/RRH,Ericsson,3702,0.48 x 0.24 x 0.15 m,
Antenna,Huawei,ADU4518R1V06,1365X260X80,
RRU/RRH,Ericsson,RRU 221940,520 x 330 x 170 mm,
RRU/RRH,Ericsson,RRU 221949,520 x 330 x 170 mm,
Dish,Ericsson,UKY22043,0.6,
Antenna,EMS,RR65-19-02DP,1.82 x 0.20 x 0.07 m,
Antenna,Commscope,HBX-6516DS-VTM,1.30 x 0.16 x 0.08 m,
Antenna,Moyano,MY-DBS-196518,1.30 x 0.15 x 0.07,
Antenna,,PD,2133 x 356 x 178 mm,
Dish,Kathrein,UKY 21095,0.60 m,
Dish,Kathrein,UKY 22043,0.60 m,
Dish,N/D,N/D,1.2 m,
Dish,N/D,Windlink,0.3 m,
Dish,CommScope,VHLP2-15,0.6,
Antenna,HUAWEI,ADU4518R1V06,1365mmx299mmx109mm,
Dish,HUAWEI,A07S06HAC,0.60m,
Antenna,EMS,TBD,"1,320.00mm x 160.00mm x 84.00mm [51.97"" x 6.3"" x 3.31""]",
Dish,Ericsson,VHLP2-15,0.60m,
Dish,HUAWEI,A15S03HAC,"0.30m [11.81""]",
RRU/RRH,Huawei,5301,400x300x120,
RRU/RRH,Huawei,3900,610x380x200,
Antenna,Huawei,AMB4519R9v06,2550x499x206,
Antenna,CommScope,RVVPX310R-V,2490x296x244,
Antenna,CommScope,LDXX-6516DS-VTM,2567x549x165,
RRU/RRH,Huawei,RRU3908,485 x 380 x 170 mm,
Antenna,Andrew,LDX-6515DS-VTM,2567 x 549 x 165 mm,
RRU/RRH,Huawei,MRR3900,610 x 380 x 200 mm,
RRU/RRH,Huawei,RRU3952,400 x 300 x 150 mm,
Antenna,Andrew,RVVPX310.11R-V3,2533 x 350 x 208 mm,
RRU/RRH,Huawei,RRU5301,400 x 300 x 120 mm,
Antenna,hUAWEI,ADU4518R1V06,1365 X 299 X 109 mm,
RRU/RRH,Ericsson,5904W,400 X 300 X 150 mm,
Dish,Ericsson,Minilink,0.6 m,
Dish,PD,PD,0.6 m,
Dish,ND,ND,0.90m,
Dish,Ericsson,MiniLink,0.60m,
Antenna,HUAWEI,ADU4518R1V06,1365x269x86m,
Antenna,TBD,TBD,1320x150x84mm,
Dish,Huawei,A15S03HAC,0.30 m,
RRU/RRH,Huawei,5904W,400x300xx150,
Dish,Ericsson,Minilink,0.60 m,
Antenna,Huawei,ADU-4518R1V06,1360x260x86,
Dish,Ericsson,Minilink,0.6,
Dish,Ericsson,Minilink,0.9,
Dish,Cambiun,Winlink,0.6,
Dish,PD,PD,0.60 m,
Antenna,Rymsa,BGD3-800TV,1340 x 300 x 90mm,
RRU/RRH,Ericsson,12B2,518 x 470 x 156mm,
Antenna,Comba,ODV2-065R18K-G,1315 x 265 x 90mm,
Antenna,PD,,2133 x 356 x 178mm,
Dish,,PD,1.2m,
Dish,Huawei,A18S06HAC,0.6,
RRU/RRH,HUAWEI,5904,400x300x150mm,
Dish,HUAWEI,A15S03HAC,0.60m,
Antenna,CommScope,LBX-6515DS-VTM,2069x268x131,
Antenna,CommScope,HBXX-6516DS-VTM,1297x305x166,
RRU/RRH,Huawei,3268,470x300x120,
Antenna,Andrew,LBX-6515DS-VTM,2069 x 268 x 131 mm,
Dish,PD,PD,1.2 m,
Antenna,Andrew,HBXX-6516DS-1-VTM,1390 x 305 x 118 mm,
RRU/RRH,Huawei,RRU5903,420 x 300 x 150 mm,
Antenna,Andrew,HWXX-6516DS1-VTM,1390 x 305 x 118 mm,
RRU/RRH,Huawei,RRU3268,470x 300 x 120 mm,
RRU/RRH,HUAWEI,5909,400mm x 300mm x 100mm,
Antenna,Huawei,AMB4520R9V0,2550mm x 339mm x 196 mm,
Antenna,TBD,TBD,"1,318.00mm x 265.00mm x 90.00mm [51.89"" x 10.43"" x 3.54""]",
RRU/RRH,Huawei,RRU3908,485 x 380 x170 mm,
Antenna,Andrew,LBX-6515DS-VTM,2073 x 269 x 133 mm,
RRU/RRH,Huawei,RRU3942,485 x 380 x170 mm,
Dish,Andrew,VHLP4-18,1.2 m,
Antenna,Commscope,LNX-6515DS-VTM,2574 x 269 x 132 mm,
Dish,Andrew,VHLP-418,1.2 m,
RRU/RRH,Huawei,3942,610x380x200,
Antenna,Ubiquiti,LiteAP,452.30mm x 78.80mm x 54.40mm,
Dish,Ubiquiti,PowerBeam AC Gen2,0.42m,
RRU/RRH,Ericsson,RRU 12 B2,518 x 470 x 156 mm,
Antenna,,,1315 x 265 x 90 mm,
Antenna,,ODV2-065R18K-G,1315 x 265 x 90 mm,
RRU/RRH,Ericsson,RRU 11B2,636 x 383x x 169 mm,
Antenna,Moyano,MY-DBS-196518,1360 x 160 x 80 mm,
Antenna,Huawei,ADU-4518R1V06,1360x260xXD86,
Antenna,Huawei,ADU4516R6V06,1999x4429x196,
Dish,Ericsson,Mini-Link,1.8,
Dish,Ericsson,VHLP2-15-CR4B,0.6,
Dish,Ericsson,Minilink,1.80 m,
Dish,Andrew,VHLP2-15-CR4B,0.6 m,
Dish,Huawei,A15S09HAC,0.90 m *Derecho Original 1.20m,
Antenna,HUAWEI,AMB4520R0V06,2550 x 399 x 196mm,
RRU/RRH,Ericsson,5258,480 x 356 x 140mm,
Antenna,HUAWEI,ATD4516R8V07,1100 x 259 x 135mm,
Dish,Huawei,A15S03HAC,0.30m *Derecho Original 1.20m,
Dish,Huawei,A15S03HAC,0.30m *Derecho Original 0.60m,
Antenna,TBD,TBD,"2,133.00cm x 356.00cm x 178.00mm [839.76"" x 140.16"" x 7.01""]",
Dish,,Mini-Link,0.60m,
Antenna,Huawei,ATD4516R8V07,1100x259x135,
Antenna,Huawei,ADU4518R1V06,1360x260x86,
Dish,Huawei,A1S03HAC,0.3,
Dish,Ericsson,Pasolink,0.6,
Dish,Lucent Alcatel,Minilink,0.3,
RRU/RRH,Ericsson,RRU 12B2,518 x 470 x 156 mm,
Dish,Alcatel,Alcatel,0.3,
RRU/RRH,Ericsson,RRU 11B2,636 x 383 x 169 mm,
Antenna,PD,PD,1315 x 265 x 90mm,
Antenna,Moyano,MY-DBS-196518,1300 X 180 X 85 mm,
RRU/RRH,TBD,,400mm x 300mm x 100mm,
Antenna,Huawei,ATDR4518R6V06,1999mm x 349mm x 166 mm,
Dish,Alcatel,UKY21076/S15,0.60m,
Antenna,TBD,TBD,2133mm x 356mm x 178mm,
Dish,Alcatel,UKY21076/SC15,0.30m Original Right 0.90m,
Dish,Alcatel,UKY21076/SC15,0.90m,
Antenna,Huawei,AMB4519R96V06,2099x399x196,
Dish,Alcatel,Desconocido,0.3,
Dish,Ericksson,UKY21076/SC15,0.6,
Antenna,Comba,ODV2-065R18K-G,1315 x 265x 90 mm,
Dish,Andrew,VHLP2-7W-CR4B,0.6,
Dish,Ericsson,Minilink,1.2m,
RRU/RRH,TBD,TBD,518mm x 170mm x 156mm,
Dish,Huawei,A15S06HAC,0.6m,
Dish,Huawei,A07F18HAC,1.8m,
Dish,TBD,TBD,0.3m,
Dish,Ericsson,Minilink,0.60m [D.O. 1.20m],
Dish,Huawei,N/D,0.3m,
Dish,Ericsson,Minilink,0.6m,
Dish,HUAWEI,A15D12HAC,1.2m,
Dish,HUAWEI,A15S09HAC,0.90m [D.O. 1.20m],
Dish,Huawei,A07F18HAC,1.8,
Dish,Huawei,A15D12HAC,1.2,
Dish,Ericsson,UKY21040/SC15,1.2 m,
Dish,Commscope,VHLP2,0.6 m,
RRU/RRH,Ericsson,221940,365 x 292 x 571mm,
Antenna,Huawei,ADU4516R6v06,1999 x 429 x 196 mm,
Antenna,Commscope,HBX-6516DS-VTM,1306 x 168 x 84mm,
Antenna,,,2133 x 356 x 178mm,
Antenna,Rymsa,MGD3-800-TV,1340 x 160 x 90 mm,
Dish,CommScope,VHLP2-15-HW1A,0.6m,
Dish,Ericsson,9400 UX,0.6,
Dish,Ericsson,9400 UX,0.3,
RRU/RRH,Ericsson,3702,480 x 379 x 150 mm,
Antenna,Huawei,ADU4518R1V06,1360x260x80,
Dish,Ericsson,SLC1815DH3X,1.8,
Antenna,ND,ND,1300 x 150 x 70 mm,
Antenna,PD,PD,2133 x 356 x 178 mm,
Antenna,Moyano,MY-DBS-196518,1300 x 150 x 70 mm,
Antenna,ND,ND,1300 x 120 x 90 mm,
Dish,Alcatel,9400 UX,0.6m,
Dish,Huawei,A15S06HAC,1.2m,
Dish,ND,ND,1.8m,
Dish,Huawei,A15S06HAC,0.9m,
RRU/RRH,5909,RRU,400x300x100mm,
RRU/RRH,TBD,TBD,480x270x140mm,
RRU/RRH,Huawei,5904 W,400x300x150,
RRU/RRH,TBD,TBD,636mm x 383mm x 169mm,
Antenna,PD,PD,1315mm x 265mm x 90 mm,
Antenna,HUAWEI,AAU5339W,1080mm x 670mm x 220mm,
Dish,Alcatel,,1.20 m,
Dish,Alcatel,Alcatel,1.2,
RRU/RRH,Huawei,3952,400 x 300 x 120 mm,
RRU/RRH,Huawei,3804,485 x 285 x 170 mm,
RRU/RRH,Huawei,3804,485x285x170,
Antenna,Commscope,LDX-6515DS-VTM,2073 x 269 x 132 mm,
RRU/RRH,Ericsson,5904,400 x 300 x 120 mm,
Dish,CommScope,VHLP2-7W-HW1A,0.6m,
RRU/RRH,Ericsson,5909,400 x 300 x 120 mm,
Antenna,Commscope,LBX-6516DS-VTM,2577x269x132,
Dish,Huawei,A7WD06MDD-3NX,0.6,
Antenna,HUAWEI,ADU4518R1V06,1365 x 260 x 80mm,
Antenna,TBD,TBD,"2,133.00cm x 356.00cm x 176.00mm [839.76"" x 140.16"" x 6.93""]",
Antenna,Huawei,AAU5339,699x395x160,
RRU/RRH,Ericsson,RRU 12B2,518 x 470 x 156mm,
Antenna,RYMSA,BGD3-800TV,1306 x 168 x 84mm,
Antenna,Commscope,HBX-6516DS-VTM,1420 x 200 x 71mm,
Dish,Ericsson,Mini Link,0.6m,
Dish,Ericsson,Minilink,1.2,
Dish,Huawei,A15S03HAC,0.6,
Antenna,Huawei,ADU-4518R1V06,1365x269x86,
RRU/RRH,Ericsson,12B2,516 x 470 x 156mm,
Antenna,Moyano,MY-DBS-196518,1300 x 160 x 65 mm,
RRU/RRH,Ericsson,11B2,836 x 383 x 169mm,
Dish,Alcatel,UX9400,0.60 m,
Antenna,Commscope,HBX-6516DS-VTM,1306 x 168 x 84 mm,
Antenna,Comba,ODV2-065R18K-G,1315 x 265 x 90 mm,
Antenna,PD,,1315 x 265 x 90 mm,
Dish,Alcatel,UX9400,0.6,
Antenna,Commscope,HBX-6516DS-VTM,1306 x 166 x 83 mm,
Antenna,Commscope,DBXLH-6565EC-VTM,1294 x 269 x 132 mm,
Dish,PD,PD,0.9 m,
RRU/RRH,Huawei,3900,480 x 270 x 140 mm,
Antenna,Huawei,ATR4518R14V06,1360x269x89,
Antenna,Andrew,HBX-6516DF-DS-VTM,1306 x 166 x 83 mm,
RRU/RRH,Ericsson,221940,571 x 365 x 292 mm,
Dish,Ericsson,Mini-Link,0.6 m,
Antenna,Rymsa,MGD3-800TV,1340 x 179 x 100 mm,
Dish,Ericsson,Mini-Link,0.6,
Antenna,Rymsa,MGD3-800TV,1340 x 160 x 90 mm,
RRU/RRH,Huawei,3936,470 x 300 x 120 mm,
RRU/RRH,Ericsson,3268,470 x 300 x 120 mm,
Antenna,Commscope,2CPX208R-V1,2090 x 504 x 118 mm,
Antenna,CommScope,2CPX208R-V1,2090x504x118,
Antenna,HUAWEI,AAU5726,1080x670x220mm,
RRU/RRH,HUAWEI,5258,480x356x140mm,
Antenna,HUAWEI,ATD4516R8V08,1100x259x135mm,
Antenna,PD,PD,1315x265x90mm,
Antenna,Commscope,DBXLH-6565EC-VTM,274 x 269 x 132 mm,
Antenna,Commscope,HBXX-6516DS-VTM,1294 x 305 x 166 mm,
Antenna,Huawei,AMB4519R5V06,2685 x 359 x 178 mm,
Antenna,Huawei,ATR4518R6V06,2350 x 450 x 240 mm,
RRU/RRH,Ericsson,02 B2,636 x 383 x 169mm,
Dish,Ericsson,Minilink,1.2 m,
Antenna,7220-12,Algon,1520 x 161 x 56 mm,
RRU/RRH,Ericsson,11 B2,636 x 383 x 169 mm,
Dish,Ericsson,Minilink,1.8,
Antenna,Commscope,HBX-6516DS-VTM,1306x166x83,
Antenna,Allgon,"7220,12",1502x161x56,
Dish,Ericsson,Minilink,1.8 m,
Antenna,Commscope,LDX-6515-VTM,2073 x 269 x 132 mm,
RRU/RRH,Huawei,3E21:H26804,485x285x170,
Antenna,Huawei,ATD4516R8V07,1100x260x130,
RRU/RRH,Ericsson,5258,480 x 350 x 140 mm,
RRU/RRH,Huawei,5258,480x350x140,
RRU/RRH,Huawei,5508,480 x356 x 140 mm,
Antenna,HUAWEI,ATD4516R8V07,1100x260x135mm,
Dish,TBD,TBD,0.30m,
Antenna,HUAWEI,AMB4519R6V06,2099x399x196mm,
Antenna,Comscope,LDX6515DS-VTM,2073x269x132,
Dish,Huawei,A7WD06MAC-3NX,0.6,
RRU/RRH,Ericsson,5904,400mm x 300mm x 150mm,
Dish,Huawei,A11S09HAC,0.9,
Dish,Andrew,VHLP2-7W-1A,0.60m,
Antenna,TBD,TBD,"2,133.00mm x 356.00mm x 178.00mm [83.98"" x 14.02"" x 7.01""]",
Antenna,Huawei,ADU4518R1V06,1365mm x 269mm x 86 mm,
Dish,Ericsson,Minilink,2.4,
Dish,Huawei,A7WD09MAC,0.9,
Dish,Ericsson,Minilink,1.80,
Dish,Huawei,A15S0.HAC,0.30m,
Dish,Ericsson,Minilink UKY 220 01/DC12,2.40 m,
Dish,Ericsson,Minilink UKY220 05/8C15,0.9 m,
Dish,Ericsson,Minilink 23044 01HAC/01H,1.20m,
RRU/RRH,Ericsson,SRRU B05-0850,485 x 380 x 170 mm,
Antenna,Huawei,ADU4516R6v06,2099x399x196,
RRU/RRH,Huawei,SRRU.B05-0850,485x380x170,
RRU/RRH,Huawei,3036,470x300x120,
Antenna,Commscope,CCVVPX308.11R-C3,2010x498x197,
Antenna,HUAWEI,AM4519R6V06,2099x399x196mm,
RRU/RRH,Huawei,3036,470 x 300 x 120 mm,
Antenna,HUAWEI,AAU5339,699x395x160mm,
Dish,Ericcson,MiniLink,0.60m,
Antenna,TBD,TBD,"1,365.00cm x 269.00cm x 86.00mm [537.4"" x 105.91"" x 3.39""]",
Antenna,Andrew,LDXX-6515DS-VTM,2070 x 549 x 165 mm,
Dish,PD,PD,1.2m,
Antenna,Andrew,CCVVPX308,2010 x 498 x 197 mm,
RRU/RRH,Huawei,5301,400 x 300 x 170 mm,
Antenna,Andrew,HBX-6515DS-VTM,2073 x 269 x 132 mm,
Antenna,Rymsa,MY DTBS196518,1302 x 155 x 70 mm,
Dish,Ericsson,Ericsson,0.6,
Dish,Ericsson,Ericsson,1.2,
RRU/RRH,Huawei,3952,400 x 300 x 170 mm,
Antenna,Commscope,LNX-6515DS-VTM,2453x301x180,
Antenna,Commscope,HWXX-6515DS1-VTM,1390x305x118,
Antenna,Commscope,HBX-6515DS-VTM,1306x166x83,
Antenna,Huawei,ASU4518R1V06,1365 x 269 x 86 mm,
Antenna,Andrew,HBX-6516DS-VTM,1306 x 168 x 84 mm,
Dish,Ericsson,,0.6 m,
Dish,Ericsson,,1.2 m,
Antenna,Andrew,LNX-6515DS-A1M-KT,2453 X 301 X 180 mm,
Antenna,Andrew,HWXX-6515DS1-VTM,1390 x 305 x 118mm,
Dish,PD,PD,0.6m,
RRU/RRH,Ericsson,11960,383 x 169 x 636mm,
Dish,CommScope,VHLP3-7W-HW1,1.0m,
Antenna,RYMSA,MGD3-800TV,1340x160x90 mm,
Antenna,Moyano,MY-DB19658,1430 x 170 x 185mm,
Dish,Commscope,VHLP3,1,
Dish,Huawei,A7WD06MDD,0.6,
Antenna,Commscope,HBX-6516DS-VTM,"1,306x168x84 mm",
Antenna,Andrew,PCS-09016-0D,142x20.3x7.0 cm,
Antenna,EMS,EMS RV65-18-00DP,"1,306x168x84 mm",
Antenna,Huawei,ADU4518RV01,1365 x 269 x 86 mm,
Dish,,,1.20 m,
Dish,Huawei,A07S18HAC,1.8 m,
Dish,Huawei,A07S18HAC,1.8,
RRU/RRH,Ericsson,5904,400 x 300 x 170 mm,
Dish,Ceragon,Am-2-15-CR,0.6,
Dish,Ericsson,Mini Link,0.6 m,
Dish,Ceragon,Am-2-15-CR,0.60 m,
Dish,Ericsson,Mini Link,1.20 m,
Dish,PD,PD (Reserved for future),1.2 m,
Antenna,ANDREW,HBX-6513DS,695 x 166 x 83 mm,
RRU/RRH,Huawei,5903,400mm x 300mm x 100mm,
Antenna,PD,Reserved for future,2133 x 356 x 178mm,
RRU/RRH,Huawei,SRRU.B05-0850,485mm x 280mm x 155mm,
Dish,Ceragon,AM-2-15-CR,0.6m,
Antenna,Commscope,LDX-6515-DS-VTM,2073mm x 269mm x 132mm,
Antenna,Commscope,LNX-6514DS-A1M-KT,1851x301x181,
Dish,CommScope,VHLP6,1.8,
Dish,Andrew,Minilink,1.8 m,
Antenna,EMS,RR651802DP,1422 x 1203 x 71 mm,
Antenna,Commscope,HBX-6516DS-VTM,306 x 168 x 84 mm,
RRU/RRH,Huawei,MRRU-1900,610x380x200,
RRU/RRH,Huawei,5508,480x256x140,
Antenna,TBD,TBD,1315x265x90mm,
Dish,HUAWEI,A7WD06MAC,0.60m,
Dish,Cambium,450B,0.5,
Dish,CommScope,VHLP3,0.9,
RRU/RRH,Ericsson,11060,383 x 169 x 636 mm,
RRU/RRH,Ericsson,221920,350 x 61 x 288 mm,
Antenna,Commscope,HBX-6516DS-VTM,1315 x 265 x84 mm,
Antenna,PD,PD,1315 x 265 x 90 mm,
Dish,CommScope,VHLP3-7W-HW1,0.9m,
Antenna,Huawei,AMB4519R4v06,2685 x 359 x 178 mm,
Dish,TBD,,0.90m,
RRU/RRH,TBD,TBD,480mmx270mmx140mm,
Antenna,HUAWEI,ATR4518R6,2020mmx349mmx166mm,
Antenna,HUAWEI,AAU5359,699mm x 395mm x 160mm,
RRU/RRH,Huawei,3959,400mmx300mmx100mm,
Antenna,HUAWEI,AMB4519R6v06,2099mm x 399mm x 196mm,
RRU/RRH,Huawei,5904,400mmx300mmx150mm,
Antenna,Huawei,AQU4518R21v06,1499 x 449 x 115 mm,
Dish,PD,PD,0.90m,
Dish,Ericsson,PD,0.60 m,
Dish,Huawei,A15S03HAC,0.3m,
Dish,Huawei,A15S06HAC,0.3,
Antenna,Huawei,ADU 4518R1V6,1365 x 269 x 0.08 mm,
Dish,,,0.90 m,
Antenna,TBD,TBD,2133mmx356mmx178mm,
Dish,Andrew,,1.8 m,
Antenna,HUAWEI,AMB4520R0V06,2550mm x 399mm x 196mm,
Antenna,,MY-PS191806,600mm x 900mm,
Dish,Andrew,ANDREW,1.8,
Dish,Huawei,Huawei A07S18HAC,1.8,
Dish,Huawei,Huawei A15S06HAC,0.6,
Antenna,,MY-PS191806,0.6,
Dish,Huawei,Huawei A15S03HAC,0.3,
Antenna,Andrew,LDX-6515DS-VTM,2070 x 269 x 132 mm,
Antenna,,MGD3-800TV,,
RRU/RRH,Huawei,5909,400 x 300 x 100 mm,
RRU/RRH,Huawei,5904,400 x 300 x 120 mm,
RRU/RRH,Huawei,3800,610x380x200,
RRU/RRH,Huawei,3900,.49 x .38 x 0.17 m,
Antenna,RYMSA,LM2D3-800TV,2615x350x145,
Antenna,Andrew,DBXLH-65655EC-VTM,2574 x 269 x 132 mm,
Dish,,,0.9,
RRU/RRH,Ericsson,3800,610x380x200,
Dish,HUAWEI,A7WD18MAC-3NX,1.80m,
RRU/RRH,TBD,,TBD,
Antenna,Rymsa,TGA D3-800TV,2600mm x 340mm x 140mm,
Antenna,TBD,,,
Antenna,RYMSA,TGAD3-800TV,2600x340x140,
RRU/RRH,Huawei,3936,400 x300 x 100 mm,
RRU/RRH,Huawei,3281,400 x300 x 150 mm,
RRU/RRH,Ericsson,221040,514 x 334 x 176 mm,
Antenna,Allgon,7220 14,1899 x 269 x 71 mm,
RRU/RRH,Huawei,3281,400x300x150,
Antenna,Commscope,RWPX310R-V,2490 x 296 x 244 mm,
RRU/RRH,Huawei,3936,470X300X120,
RRU/RRH,Huawei,3952,470x300x120,
RRU/RRH,Huawei,5301,470x300x120,
RRU/RRH,Huawei,SRRUB05-850,485 x 380 x 170 mm,
RRU/RRH,Huawei,RRU3952,470 x 300 x 120 mm,
RRU/RRH,Huawei,RRU5301,470 x 300 x 120 mm,
RRU/RRH,Huawei,RRU3036,470 x 300 x 120 mm,
Antenna,Andrew,CCVVPX30811R,2100 x 498 x 197 mm,
Dish,CommScope,VHLP2-7W-HW1,0.6m,
Antenna,Amphenol,C-BXA-171065/B-M,1360 x 160 x 80 mm,
RRU/RRH,Huawei,MRRU,610mm x 380mm x 200 mm,
RRU/RRH,Huawei,SRRU.B05-0850,485mm x 380mm x 170mm,
Dish,,,1.2m,
RRU/RRH,Huawei,RRU3936,400mm x 300mm x 120mm,
RRU/RRH,Huawei,5517T,520 x 480 x 140 mm,
Antenna,RYMSA,BGD3-800TV,1340 x 300 x 90 m,
Dish,Ericsson,UKY21095/SC11,0.6 m,
Dish,Huawei,A15D09MDD-3NX,0.9 m,
Antenna,Andrew,LDX-6515DS-VTM,2070mm x 269mm x 132mm,
Dish,Andrew,VHLP2,0.60m,
Antenna,Andrew,LDX-6515DS-VTM,2070 mm x 269mm x 132mm,
Antenna,Andrew,RVVPX310,2533mm x 350mm x 208mm,
Antenna,Commscope,RVVPX310R-V,2490 x 296 x 244 mm,
Dish,Huawei,A15S03HAC,300 mm,
Dish,Ericsson,Mini Link,0.60 m,
RRU/RRH,Ericsson,221940,,
Antenna,Commscope,HBX-6516DS-VTM,1306 x 168 x 84 m,
Dish,Ericsson,,,
Dish,Andrew,PD,1.80 m,
Dish,Commscope,VHLP1,0.3,
Dish,PD,Commscope,0.30 m,
RRU/RRH,Ericsson,RRU's 221940,,
Dish,Ericsson,,37.92,
Dish,Huawei,A07S06HAC,0.60 m,
RRU/RRH,Huawei,5508,480x354x140,
Antenna,Andrew,,,
Dish,Ericsson,,0.60 m,
Dish,Huawei,PD,0.90 m,
RRU/RRH,Huawei,5904,400mm x 300mm x 120mm,
Dish,Ericsson,,1.20m,
Dish,PD,PD,1.80 m,
Antenna,RYMSA,MY DTBS196518,1302 x 155 x 84 mm,
Antenna,Andrew,HBX6513DS-VTM,695 x 166 x 63 mm,
Antenna,PD,PD (Reserved for future),2133 x 356 x 178 mm,
Dish,PD,PD (Reserved for future),1.2m,
RRU/RRH,Ericsson,RRU 12 B2,636 x 383x 169 mm,
Antenna,Commscope,HBX-6513DS-VTM,695 x 166 x 83 mm,
Dish,PD,PD,,
Antenna,,,190 x 0.15 x 0.05 m,
RRU/RRH,Ericsson,3702,480 x 370 x 150 mm,
Antenna,Moyano,MY-DBS-196518,1300 x 150 x 70 m m,
Antenna,,,1300 x 160 x 80 mm,
Dish,Ericcsson,Minilink,1.2,
Dish,Cambiun,3094HH,0.5,
Dish,Ericcsson,Minilink,0.6,
Dish,Ericcsson,BF262233/2,0.9,
Antenna,Moyano,MY-DBS199017,1300 x 160 x 60 mm,
Antenna,Commscope,HBXX-6516DS-VTM,1300 x 160 x 80 mm,
Dish,Ericsson,Minilink,0.3 m,
Dish,Andrew,A15S03HAC,0.3 m,
Antenna,Commscope,HBXX-6516DS-VTM,1290 x 300 x 80 mm,
Antenna,Combat,ODV2-065 R18K-G,1315 x 265 x 90 mm,
Antenna,EMS,RR651902-DP,1820 x 200 x 70 mm,
Dish,Ericsson,Mini_Link,0.6,
Antenna,Huawei,ADU4516R6V06,1365x260x80,
RRU/RRH,Ericsson,12 B2,520 x 470 x 160 m,
RRU/RRH,Ericsson,11 B2,640 x 380 x 160 m,
Dish,Cambiun,350B,0.45,
Antenna,Comba,ODV065R18K-G,1310 x 260 x 90 mm,
Antenna,Rymsa,DGD3-800TV,1340 x 300 x 900 mm,
Antenna,EMS,RR651802DLP2,1420 x 200 x 70 mm,
Dish,Cambiun,350B,0.45 m,
Antenna,Moyano,MY-DTBSBS-196518,1360 x 160 x 80 mm,
Antenna,Comba,ODV2-065R18K-G,1315 x 160 x 90 mm,
RRU/RRH,Ericsson,RRU 12 B2,518 x 470 x156 mm,
Antenna,,AMB4519R6V06,2099 x 399 x 196 mm,
Antenna,TBD,TBD,1365 x 265 x 90 mm,
Dish,HUAWEI,A15S03HAC,0.30m *Original Right 0.60m,
RRU/RRH,Ericsson,221920,365 x 286 x 470 mm,
Dish,Huawei,A15S13HAC,0.3 m,
Dish,Ericsson,Mini Link,0.60m,
Antenna,TBD,ADU4518R1V06,2133mm x 356mm x 178 mm,
Dish,Ericksson,Mini-Link,0.6,
RRU/RRH,Ericsson,11 B2,640 x 380 x 160 mm,
Antenna,Andrew,HBX-6516DS-VTM,1427 x 402 x 292 mm,
Antenna,PD,PD,1300 X 160 X 80 mm,
Antenna,Andrew,HBX-6515DS-VTM,1306 x 166 x 83 mm,
RRU/RRH,Huawei,3804,340 x 300 x 90 mm,
Dish,Andrew,VHLP2,0.6m,
RRU/RRH,Huawei,3804,340x300x90,
Antenna,Commscope,HBX-6516DS-VTM,1340 x 300 x 90 mm,
Dish,PD,AM-02-15-CR,0.6m,
RRU/RRH,Ericsson,112,636 x 383 x 169 mm,
Antenna,Commscope,HBX-6516DS-VTM,1300 x 160 x 80 mm,
Antenna,Huawei,ADU-4518R1V06,1360x269x86,
Antenna,Huawei,AMB4520R9V09,2550x399x196,
Dish,Huawei,AM-2-15-CR,0.6,
RRU/RRH,Huawei,3990,480 x 380 x 170 mm,
Antenna,Andrew,LDX-6516DS VTM,2570 x 260 x 130 mm,
Dish,SB4FT120NGW,1.2 m,33.11 kg,
Antenna,Commscope,HBXX-6516DS-VTM,1470 x 160 x 80 mm,
Antenna,Huawei,ATR4518R6V06,2350x450x240,
Dish,Huawei,SB4FT120NGW,1.2,
Antenna,Moyano,MY-DTBS-196518,1360 x 160 x 80 mm,
Antenna,Comba,ODV2-065R18-K-G,1315 x 265 x 90 mm,
Antenna,PD,PD,2133 x 356 x 178mm,
Dish,Huawei,A11S12HAC,1.2m,
Dish,Huawei,A10S06HAC,0.6,
Dish,Huawei,A7WD12MAC-3NX,1.2,
Dish,Andrew,VHLP2-15-NC3,1.2m,
Dish,Kathrein,A15S03HAC,0.6m,
Dish,Huawei,A10S06HAAC,0.8M,
Dish,Ericsson,UKY22043/SC15,1.2 m,
Dish,Andrew,VHLP2-15-CR4B,0.6m,
Dish,Andrew,VHLP2-15-HW1A,0.6m,
Dish,Ericsson,UKY22040DC15,1.2 m,
Dish,Andrew,A15S03HAC,0.3m,
Dish,Ericsson,UKY21052SC15,1.8m,
Dish,Kathrein,ND,0.6m,
Antenna,Commscope,HWXX-6516DS1-VTM,1390 x 305 x 118 mm,
RRU/RRH,Ericsson,221940,514 x 334 x 176 mm,
RRU/RRH,Ericsson,11 B2,636 x 383 x 90 mm,
Antenna,RYMSA,MGD3-800TV,1380 x 160 x 90 mm,
RRU/RRH,Ericsson,01 B2,636 x 383 x 90 mm,
Dish,Ericsson,A15S03HAC,0.3m,
Dish,Andrew,VHLP2,0.6 m,
Antenna,Moyano,MY-DBS196518(2),1300 x 160 x 80 mm,
Dish,Ericsson,VHLP2,0.6,
Dish,Ericsson,VLPH2,0.6,
Dish,Huawei,PD,0.60 m,
Antenna,Commscope,2CPX208-V3-KT,2090 x 504 x 118 mm,
RRU/RRH,Huawei,A15S06HAC,0.6,
Antenna,Commscope,DBXLH-6565EC-VTM,2572 x 268.2 x 134.1 m,
Antenna,Commscope,HBXX-6516DS-VTM,1472 x 164.8 x 85.3 m,
Dish,RFS,SB4-VV71,1.2 m,
RRU/RRH,Huawei,3900,.49 x .38 x .17 m,
Antenna,Huawei,2CPX208-V3-KT,2090x504x118,
Dish,,,0.6,
Dish,,RG8,9.52,
RRU/RRH,TBD,,490mmx380mmx170mm,
RRU/RRH,HUAWEI,5990,400mmx300mmx100mm,
RRU/RRH,HUAWEI,5904W,400mmx300mmx150mm,
Antenna,HUAWEI,AMB4819R5V06,2685mm x 359mm x 178mm,
Antenna,HUAWEI,ADU4518R6V06,1999mmx349mmx166mm,
Antenna,RYMSA,MGD3-800 TV,1340 x 160 x 90 mm,
Dish,Ericsson,Minilink,0.3,
Antenna,Andrew,HBX6516DS-VTM,1300 X 160 X 80 mm,
Antenna,Andrew,HBX-6513DS-VTM,1300 X 160 X 80 mm,
RRU/RRH,Ericsson,221940,520 x 330 x 170 mm,
Antenna,Moyano,MY-DTBS-196518,1350 x 160 x 80 mm,
Antenna,Commscope,HBX-6516DS-VTM,1300 x 1600 x 80 mm,
Dish,Huawei,A10WD06MDD-3NX,0.6,
Dish,Minilink,A15S09HAC,1.2m,
Dish,Huawei,A15S05HAC,0.60m,
Dish,Andrew,VHLP3-7W-HW1,0.9m,
Dish,PD,Reserved for future,1.2 m,
Antenna,Reserved for future,PD,2133 x 356 x 178 mm,
Dish,PD,Reserved for future,0.6 m,
RRU/RRH,Huawei,3800,610 x 380 x 200 mm,
Dish,Huawei,A7WD12MAC,1.2,
Antenna,Andrew,LDX-6516DS-VTM,2070 x 269 x 132 mm,
RRU/RRH,PD,3900,490 x 380 x 170 mm,
Antenna,Huawei,ADU 4518R1v06,1365 x 269 x 86 mm,
Dish,Huawei,A7WD12MAC-3NX,1.20 m,
Antenna,HUAWEI,ADU4518R1V06,1365 X 269 X 86mm,
Dish,Ericsson,PD,0.60m,
Dish,Commscope,,0.60 m,
RRU/RRH,Huawei,3268,400x300x100,
RRU/RRH,Huawei,3936,400 x 300 x 100 mm,
RRU/RRH,Huawei,3268,400 x 300 x 100 mm,
Antenna,Huawei,A704516R0V06,1936x298x149,
RRU/RRH,Ericsson,2217,340x291x105,
Antenna,Andrew,HBX6516DS-VTM,1306 x 163 x 84 mm,
RRU/RRH,Ericsson,11 B2,636x383x169,
RRU/RRH,Ericsson,01B2,518 x 470 x 187 mm,
RRU/RRH,Ericsson,2217,340 x 291 x 105 mm,
Antenna,PD,PD,2133 x 356 x 179 mm,
Antenna,Andrew,HBXX-6516DS-VTM,1293 x 305 x 165 mm,
RRU/RRH,Ericsson,12 B2,518mmx470mmx156mm,
Dish,HUAWEI,ND,1.20m,
Dish,Ericsson,MiniLink,1.80m,
Dish,HUAWEI,ND,0.30m,
Dish,RFS,ND,0.60m,
Dish,HUAWEI,,0.30m *O.R. 0.60m,
Dish,HUAWEI,,0.90m *O.R. 1.20m,
Antenna,HUAWEI,AAU5339,699mmx395mmx160mm,
Antenna,Commscope,HBX-6516DS-VTM,1306mmx165x84mm,
Antenna,EMS,EMS-RR901804DP,1828mmx203mmx71mm,
Antenna,(4) TMA + (3) RYMSA + (2) EMS,(4) TBA +(3) DEGD3-800TV + (2) RR651802DP12,(4) TBA + (3) 1340 x 300 x 90 mm + (2) 1829 x 203 x 71 mm,
Dish,Ericsson,Minilink,,
RRU/RRH,Ericsson,RRU 12 B2,187 x 470 x 518 mm,
RRU/RRH,Huawei,12B2,187x470x518,
Dish,Ericsson,Mini Link,3.0m,
Antenna,Comba,ODV2-065R18K,1315 x 265 x 90 mm,
Dish,Huawei,Minilink,1.2,
Antenna,Huawei,CombaODV2,1315x265x90,
Antenna,Huawei,HBXX-6516DS-VTM,1293x305x165,
Dish,Huawei,Minilink,0.6,
Antenna,Commscope,HBXX-6516DS-VTM,1293 x 305 x 165 mm,
RRU/RRH,Ericsson,12 B2,518x470x156,
Antenna,Comba,ODV-065R18K,1315 x 265 x 90 mm,
Antenna,Comba,ODV2-065R18K-G,1310x249x60,
Antenna,HUAWEI,ADU4518R1V06,1365 x 299 x 180mm,
Antenna,HUAWEI,AAU5726,1080 x 670 x 220 mm,
Antenna,PD,PD,1365 x 299 x 180 mm,
Antenna,Huawei,ADU 4518R1V06,1365x299x180,
Antenna,Huawei,ADU4516R6V06,1306x166x83,
Antenna,Huawei,AMB4519R6V06,1468x349x166,
Antenna,DPL2/EMS,RR651802,1422 x 203 x 71 mm,
RRU/RRH,Huawei,5508,400 x 300 x 120 mm,
Dish,Ericsson,Minilink,1.80 & 1.20,
Dish,Andrew,Minilink,1.2,
Antenna,Huawei,ADU4518R1V06,1365x269x180,
Dish,Huawei,Huawey,0.6,
RRU/RRH,Huawei,5508,400x300x121,
Dish,Huawei,Huawei,0.9,
RRU/RRH,Huawei,5508,400 x 300 x 121 mm,
Dish,Andrew,PD,1.2m,
Dish,Ericsson,Minilink,0.3m,
RRU/RRH,Ericsson,12 B2,610x380x200,
Antenna,Huawei,AMB4519R5v06,1468x349x166,
RRU/RRH,Ericsson,11 B2,524x470x158,
Dish,Huawei,Huawei,0.3,
RRU/RRH,Huawei,3936,0.39X0.30X0.11,
RRU/RRH,Ericsson,01B2,514 x 334 x 176 mm,
Antenna,Andrew,HBX6515DS/VTM,1306 x 168 x 90 mm,
Antenna,Allgon,7220.14,1889 x 269 x 71 mm,
RRU/RRH,Huawei,RRU3936,390mm x 300mm x 110mm,
Antenna,RYMSA,BGD3-800TV,1828 x 203 x 71 mm,
RRU/RRH,Huawei,,610mm x 380mm x 200mm,
Antenna,EMS,RR901804DP,1828 x 203 x 71 mm,
RRU/RRH,Huawei,,524mm x 470mm x 158mm,
Antenna,EMS,ND,1306 x 168 x 90 mm,
Antenna,RYMSA,BGD3-800,2133 x 356 x 178mm,
Antenna,EMS,ND,2133 x 356 x 178 mm,
Dish,Ericsson,Minilink,0.9 m,
Antenna,Andrew,LBX-6515DS-VTM,2574mm x 269mm x 132mm,
Dish,MiniLink,,1.20m,
Antenna,RRU,,29.45 x 30.25 mm,
Antenna,Huawei,5339w,699x395x160,
Antenna,Huawei,5339w,699x395x161,
Antenna,Commscope,DBXLH-6565EC-VTM,2574 x 269 x 132 mm,
Antenna,Andrew,HBXX-6516DB-VTM,1294 x 305 x 166 mm,
Dish,Mini-Link,,0.60 m,
Dish,Huawei,,0.30 m,
Antenna,Commscope,2UPX210B-T2,2533x640x235,
RRU/RRH,Ericsson,12 B2,518 x 470 x 156mm,
Antenna,Huawei,AAU5733,995x499x210,
Antenna,Commscope,2UPX210B-T2,2533mmx640mmx235mm,
Antenna,HUAWEI,A704516R0v06,1936mmx298mmx149mm,
Antenna,HUAWEI,AAU5733,995mmx499mmx210mm,
Antenna,Comba,ODV2065R,1315 x 265 x 90mm,
Dish,Huawei,Minilink,0.9m,
Antenna,Huawei,ADU 4516R6v06,1999x429x196,
Antenna,Huawei,ADU 4518R1V06,1365X269X180,
Dish,Ericsson,Ericsson Minilink,1.2,
Dish,Ericsson,Minilink,0.30 m,
Antenna,Andrew,RVV-65D-R3,2688mm x 350mm x 208mm,
RRU/RRH,Huawei,3952,400mm x 300mm x 120mm,
RRU/RRH,Huawei,5258,480mm x 356mm x 140mm,
Antenna,HUAWEI,ATD4516R8,1100mm x 259mm x 135mm,
Antenna,HUAWEI,ADU4518R6V01,1365mmx269mmx86mm,
Dish,PD,,1.20m,
Antenna,Andrew,LDX6515-VTM,2073 x 269 x 132 mm,
Dish,Ericsson,Ericsson Minilink,0.6,
Dish,Huawei,RadioWaves,0.6,
Dish,Huawei,Huawey,0.3,
Dish,Ericsson,Mini-Link,0.60 m,
Dish,Radiowaves,SP2 -5.8,0.60 m,
Antenna,Huawei,ADU 4516R1V06,1999x429x196,
Dish,Andrew,VHLP4-18,1.2m,
RRU/RRH,Huawei,5908,400mmx300mmx120mm,
Dish,Ericsson,Mini-Link,0.60m,
Antenna,Huawei,ADU4518R1V06,1365mm x 269mm x 86 mm,
Antenna,Huawei,ADU4516R1V06,1999mm x 429mm x 196 mm,
Antenna,Commscope,HWXX-6515DS1-VTM,1390 x 305 x 118 mm,
Dish,Huawei,PD,1.2 m,
RRU/RRH,Huawei,5301,400 x 300 x 120 mm,
Antenna,Commscope,RVV- 65D-R3,2268 x 350 x 208 mm,
Dish,Ericsson,Ericsson Mini link.,1.2,
Dish,Ericsson,Mini-Link,1.20 m,
RRU/RRH,huawei,5409w,400x300x150,
Dish,PD,PD,0.91 m,
RRU/RRH,Huawei,AAU5726,1080x670x220,
RRU/RRH,Ericsson,5512,480mm x 356mm x 140mm,
Antenna,TBD,TBD,1365mm x 269mm x 86 mm,
Dish,TBD,,0.90 m,
Antenna,Huawei,AAU5339,699mm x 395mm x 160mm,
Antenna,Huawei,ADU4516R1V06,1999mm x 429mm x 196 mm,
RRU/RRH,HUAWEI,AAU5339W,699mmx395mmx160mm,
Antenna,HUAWEI,ATR4518R6V06,1999mmx349mmx166mm,
RRU/RRH,HUAWEI,5909,400mmx300mmx100mm,
RRU/RRH,Ericsson,221940,518x470x156,
RRU/RRH,Ericsson,221940,518 x 470 x 156mm,
Dish,TBD,TBD,0.60 m,
Antenna,TBD,TBD,"1,306.00cm x 168.00cm x 84.00mm [514.17"" x 66.14"" x 3.31""]",
Antenna,HUAWEI,ATD3516R8V07,695 x 166 x 83 mm,
Dish,HUAWEI,,0.60 m,
Dish,Ericsson,MiniLink,0.90 m,
Dish,TBD,TBD,1.80 m,
Antenna,Andrew,HBX6566DS-VTM,1306 x 168 x 84mm,
Dish,Huawei,Minilink,1.2m,
Antenna,Moyano,MY-DTBS-196518,1360 x 1280 x 85mm,
Antenna,Comba,ODV/065R18K-G,1315 x 265 x 90mm,
Dish,,Minilink,1.2m,
RRU/RRH,Ericsson,B12,518 x 47 x 156 mm,
Antenna,Commscope,HBX-6516DS-VTM,1293 x 305 x 165 mm,
Antenna,Commscope,HBX-6516DS-VTM,1306X168X84mm,
Dish,Ericsson,Mini Link,1.20m,
Dish,Ericsson ,UKY21040/SC15,1.2,
RRU/RRH,HUAWEI,5909,400x300x120mm,
Dish,Ericsson,MiniLink,2.40m,
RRU/RRH,HUAWEI,5904,400x300x100mm,
Antenna,Andrew,HBX6516DS-VTM,2070x269x132mm,
RRU/RRH,TBD,TBD,400x300x120mm,
Dish,Ericsson,Minilink,0.30m,
Antenna,TBD,TBD,2070x269x132mm,
Antenna,Andrew,HBX6513DS-VTM,2070x269x132mm,
Dish,Huawei,,0.6m,
Dish,Ericsson,UKY 210 08 SC11,0.3,
Antenna,EMS,RR651902DP,1829 x 203 x 71 mm,
RRU/RRH,Huawei,RRU3908,485mm x 380mm x 170mm,
Antenna,Andrew,HBX6515DS-VTM,2073 x 269 x 132 mm,
RRU/RRH,Huawei,3942,485mm x 380mm x 170mm,
Antenna,Andrew,HBX6515DS-VTM,2133 x 356 x 178 mm,
RRU/RRH,Huawei,3281,400mm x 300mm x 120mm,
Dish,Huawei,N/D,0.9 m,
Dish,Huawei,N/D,0.3 m,
Antenna,Andrew,LDXX-6515DS-VTM,2070 mm x 549mm x 165mm,
Antenna,Andrew,LBX-6515DS-VTM,2070mm x 269mm x 132mm,
Antenna,Andrew,N/D,1306 x 168 x 84 mm,
Antenna,Andrew,GSM-900,1306 x 166 x 83 mm,
RRU/RRH,Huawei,RRU/GRRU,,
Antenna,Commscope,HBX-6515DS-VTM,1306 x 166 x 83 mm,
Antenna,HUAWEI,ADU4518R1V06,1365mm x 260mm x 80mm,
Antenna,HUAWEI,AAU5339W,690mm x 390mm x 160mm,
Antenna,PD,PD,1315mm x 265mm x 90mm,
Dish,HUAWEI,A07S12HAC,1.20m,
Dish,Ericsson,Mini-Link,1.2,
Dish,Huawei,A07S12HAC,1.2,
Antenna,Huawei,AMB4519R40V06,2009x499x206,
RRU/RRH,Huawei,3900,485 x 380 x 170 mm,
Dish,PD,PD,0.9m,
RRU/RRH,Huawei,3900,480x370x170,
RRU/RRH,Huawei,3252,480x270x140,
RRU/RRH,Ericsson,7201,480 x 240 x 150 mm,
RRU/RRH,Huawei,3252,480 x 270 x 140 mm,
Antenna,Andrew,LDX-6515DS-VTM,25740x 260 x 130 mm,
Dish,Ericsson,Microwave,1.2m,
Dish,,N/D,0.6,
Antenna,Huawei,HWXX6516DS-VTM,1390x305x118,
Antenna,Huawei,LDX-6516DS-VTM,2570x260x130,
Antenna,andrew,HWXX-6516DS-VTM,1390 x 305 x 118 mm,
RRU/RRH,,5304,400x300x100,
RRU/RRH,Ericsson,12 B2,518 x470 x156 mm,
Antenna,Moyano,MGD3-800TV,1380 x 160 x 90 mm,
RRU/RRH,Huawei,5904,400 x 300 x 121 mm,
RRU/RRH,Huawei,5904,400x300x121,
Antenna,Amphenol,CBX171065-8-M,1360 x 160 x 80 mm,
Antenna,Huawei,ADU4516R6V07,1999x429x196,
Dish,Huawei,Huawei,2.40,
Dish,Huawei,Huawei,1.8,
RRU/RRH,Ericsson,RRU 01 B2,514 x 168 x 84 mm,
Antenna,Andrew,RR651802-DPL2,1828 x 203 x 71 mm,
Dish,Huawei,,2.4 m,
Antenna,Amphenol,C-BXA-185065-8M,1825 x 202 x 70 mm,
Dish,Huawei,,0.3 m,
RRU/RRH,Huawei,5904,400 x 300 x 120mm,
RRU/RRH,TBD,TBD,488 x 280 x 155mm,
RRU/RRH,Huawei,3900,.49 x 3.8 x .17 m,
Antenna,TBD,TBD,"2,073.00cm x 269.00cm x 132.00mm",
Antenna,Andrew,(3)DBXLH-6565EC-VTM +(3)HBXX-6516DS-VTM,See notes,
Dish,,,.90 m,
Antenna,Huawei,HBX-6515DS-VTM,1306x168x86,
Antenna,Amphenol,CBAX-18506-8MC,1300 x 175 x 90 mm,
Antenna,Huawei,AQU4518R21v06,1499x429x196,
Dish,Huawei,Huawei,1.20,
Dish,Ericsson,Minilink,2.4 m,
Antenna,Amphenol,BXA-185065-8-M,1305 x 168 x 82 mm,
RRU/RRH,N/D,KRC-188741,385 x 286 x 470 mm,
Antenna,Commscope,HBX-6516DS-VTM,1305 x 168 x 84 mm,
Dish,Huawei,,1.2,
Dish,Huawei,,0.6,
Dish,Ericsson,12-VKV2,1.2 m,
Dish,Ericsson,06-VKV2,0.6 m,
Antenna,Allgon,,1300 x 160 x 65 mm,
Antenna,EMS,RR65-19-02DP,1828 x 203 x 71 mm,
Antenna,Huawei,ADU4516DSVTM,1999x429x196,
Dish,Ericsson,12VKV2,2.4 m,
Dish,Ericsson,06-VKV2,1.2 m,
Dish,Andrew,VHP4,1.20 m.,
Dish,Huawei,,1.20 m,
Dish,RFS,SB2-W71BB,0.6,
Antenna,Agisson,ANT-A90451701,2515 x 289 x 85 mm,
Antenna,Huawei,ADU4516Rv06,1999x429x196,
RRU/RRH,Ericsson,59004,400 x 300 x 150 mm,
Dish,Huawei,Huawey,1.20,
RRU/RRH,Ericsson,12 B2,518 x470 x 156 mm,
Antenna,Comba,ODV2065R18K-G,1315 x 265 x 90 mm,
Dish,Huawei,PD,0.30 m,
Antenna,Huawei,ADU 45161V06,1999x429x196,
Dish,Huawei,PD,1.20 m,
Dish,Huawei,A15S06HAC,06m,
RRU/RRH,Ericsson,2217B2,340 x 291 x 105 mm,
Dish,Commscope,VHLP27W,0.6M,
Dish,Commscope,VHLP-15-HW1A,0.3m,
Dish,Huawei,A7W06MDD-3NX,0.6,
Antenna,Moyano,MY-DTBS198518,1360 x 160 x 80 mm,
Antenna,EMS,RR651902DP,1320 x 160 x 84 mm,
Antenna,Huawei,ADU451819V01,1954 x 323 x 89 mm,
Dish,Huawei,A15S09HAC,0.9 m,
Dish,Huawei,A15S12HAC,1.2m,
Dish,Kathrein,A07F18HAC,1.8m,
RRU/RRH,Huawei,5304W,400x300x150,
RRU/RRH,Ericsson,01B2,636 X 383 X 169 mm,
Antenna,Commscope,HBX-6516DS-VTM,1300 x 163 x 84 mm,
Antenna,Moyano,MY-DTBS-196518,1300 x 160 x 65 mm,
Dish,Ericsson,Mini Link,0.6,
RRU/RRH,Huawei,3956,420 x 300 x 150 mm,
Antenna,Huawei,AAU5726e,1080x670x220,
RRU/RRH,,,480 x 270 x 140 mm,
Antenna,,,2574 x 269 x 132 mm,
Dish,,,0.9 m,
Antenna,,SDU4518R1V01,1365 x 299 x 109 mm,
RRU/RRH,Huawei,5517t,642x480x140,
Antenna,Moyano,MY-DTBS-196518,1360 x 260 x 85 mm,
RRU/RRH,Huawei,5517t,642 x 480 x140 mm,
Dish,Huawei,A07F18HAC,1.8 m,
Dish,Huawei,A07D12HS,1.2,
Dish,Huawei,A07D12HS,1.2 m,
Dish,CommScope,VHPL2-11W-NC3,0.6 m,
RRU/RRH,Ericsson,2217B2,571 x 365 x 292 mm,
Antenna,Huawei,A704516R0v06,1936 x 298 x 149 mm,
RRU/RRH,Huawei,3952,400 x300 x 150 mm,
Antenna,ALGON,7250.04,1502 x 161 x 56 mm,
Antenna,Commscope,LNX-6515-DS-A1M,2765mm x 411mm x 284mm,
Dish,Ericsson,UKY21095/SC11,0.60 m,
Dish,RFS,ND,0.6m,
Dish,Andrew,KP8-105-P3A,2.4m,
Dish,Huawei,A15S03HAC,0.6 M,
Dish,RFS,SB2-W71ANEC,0.6,
Antenna,Commscope,LDX-6516DS-VTM,2073mm x 269mm x 132mm,
Dish,Huawei,A16S03HAC,0.3m,
RRU/RRH,Ericsson,221940,571 x 365 x 292mm,
Antenna,Moyano,MY-DTBS-196518,1300 x 250 x 85 mm,
RRU/RRH,Ericsson,12 B2,520 x 470 x 160 mm,
RRU/RRH,Huawei,5904W,400 x300 x 150 mm,
Dish,Ericsson,Ericsson,0.3,
Antenna,Comba,ODV-065R18K-G,1310 x 160 x 90 mm,
Antenna,EMS,RR651802DPL,1420 x 200 x 60 mm,
Dish,Pasolink,Nec,0.6 m,
Dish,,,0.2 m,
Antenna,HUAWEI,RV651802DP,1420 x 200 x 70 mm,
RRU/RRH,Ericsson,5909,400 x 300 x 100mm,
RRU/RRH,Huawei,RRU3900,480 x 380 x 170 mm,
Antenna,Huawei,AMB4519R6V06,2099 x 399 x 196 mm,
Dish,Ericsson,Mini-Link,0.30 m,
RRU/RRH,Huawei,3900,480x380x170,
Antenna,TBD,TBD,2133 x 356 x 178 mm,
Dish,Andrew,VHLP4-18,0.60 m,
Antenna,Andrew,LBX-6515DS-VTM,2070 x 269 x 132 mm,
RRU/RRH,Huawei,RRU3936,470 x 300 x 120  mm,
Dish,Huawei,AAU5711A,1400x395x175,
Antenna,Huawei,LDXX-6515DS-VTM,2070x549x165,
Antenna,Huawei,2CPX208R-V1,2090x504x118,
Antenna,Huawei,RV651802DP,1420x200x70,
Antenna,Huawei,ADU451819V01,1954x323x89,
Dish,,,0.3,
Antenna,Andrew,LDXX6516DS-VTM,2057 x 260 x 130 mm,
Antenna,Andrew,2CPX208R-V1,2090 X 504 X 118 mm,
RRU/RRH,Ericsson,5909,400 x 300 x 150mm,
RRU/RRH,PD,PD,PD,
Antenna,Huawei,LDX6515DS-VTM,2070 x 594 x 165 mm,
Antenna,Huawei,ADU4518R6V06,1365 x 269 x 86 mm,
Antenna,Huawei,LDX6515DS-VTM,2070x594x165,
Dish,Cambium,ePMP Force 425,0.49,
RRU/RRH,HUAWEI,5909,400x300x100mm,
Dish,Andrew,HP6-105C0P3A,1.80m,
Antenna,Commscope,LDX-6516DS-VTM,2570 x 260 x 130mm,
Dish,Ericsson,HP6-105C-P3A,1.8,
Antenna,Huawei,ADU4516R6V06,1999x429x146,
RRU/RRH,HUAWEI,3900,480mmx380mmx170mm,
RRU/RRH,HUAWEI,3900,480mmx380mm170mm,
Antenna,Commscope,HBXX-6516DS-VTM,1470x160x80,
Antenna,Andrew,DBXLH-6565EC-VTM,2572mmx260mmx130mm,
Antenna,Andrew,HBXX-6516DS-VTM,1470mmx160mmx80mm,
RRU/RRH,Ericsson,7204,480 X 240 X 150mm,
Dish,ANDREW,A15S06HAC,0.6m,
RRU/RRH,Ericsson,221940,520 x 330 x 176 mm,
Dish,ND,ND,0.3m,
Dish,ANDREW,A15S09HAC,0.3m,
Antenna,Comba,ODV2-065R18K-G,1310 x 260 x 90 mm,
Antenna,Commscope,RR90-18-00DP,1820 x 200 x 70mm,
Antenna,Commscope,HBXX-6516DS-VTM,1290 x 300 x 160mm,
Antenna,Huawei,ADU4518R1V 06,1360 x 260 x 86 mm,
RRU/RRH,Ericsson,5909,400 x 300 x 100 mm,
Antenna,Commscope,LDX-6516DS-VTM,2073 x 269 x 132 mm,
RRU/RRH,,5909,400x300x100,
Dish,PD,PD,"(3) 0.90 m, (1) 0.60 m",
RRU/RRH,,5904W,400x300x150,
Dish,,Minilink,1.2,
Antenna,Commscope,LDXX-6515DS-VTM,2057 x 260 x 130 mm,
Antenna,Huawei,AAU5711A,1400 x 395 x 175 mm,
Antenna,Huawei,LDXX-6515DS-VTM,2057x260x130,
Antenna,Huawei,AAU5711A,1400x395x175,
Dish,Huawei,,0.90 m,
RRU/RRH,Huawei,5308,400mm x 300mm x 120mm,
RRU/RRH,Huawei,5308,400x300x120,
Antenna,Commscope,RVV-65D-R3,2688mm x 350mm x 208mm,
Antenna,RYMSA,MGD3-800TV,1308x160x90,
Antenna,RYMSA,MCD3-800-TV,1380 x 160 x 90 mm,
Antenna,Commscope,HBXX-6516DS-VTM,1380 x 160 x 80 mm,
Dish,Ericsson,Mini Link,0.3 m,
Dish,PD,,0.90m,
Dish,Huawei,Huawey,0.90,
RRU/RRH,Ericsson,12 B2,518x470x156mm,
Antenna,Commscope,LDX6515DS-VTM,2073x269x132mm,
RRU/RRH,Huawei,3952,400 x 300 x 170mm,
Antenna,Commscope,LDX-6515DS-VTM,"2,073.00mm x 269.00mm x 132.00mm [81.61"" x 10.59"" x 5.2""]",
Antenna,HUAWEI,ADU4518R1v06,1365mmx299mmx180mm,
Antenna,HUAWEI,AMB4519R6v06,1468mmx349mmx166mm,
Antenna,PD,PD,1315mmx265mmx90mm,
Dish,Ericsson,,0.30m,
RRU/RRH,Huawei,3936,480x270x140,
RRU/RRH,Huawei,B02-1900,480x270x140,
RRU/RRH,Huawei,3936,480 x 270 x 140 mm,
RRU/RRH,Huawei,BXX-1900.A.A080,480 x 270 x 140 mm,
Antenna,CommScope,LDX6516DS-VTM,2574 x 269 x 132 mm,
Dish,Huawei,Minilink,0.60 m,
Antenna,Huawei,LNX-6515DS-A1M,2650 x x 301 x 180.5 mm,
Dish,Huawei,Huawey,1.2,
Dish,Huawei,Huawey,0.9,
Antenna,Huawei,LNX6515DS-A1M,2650 x 180.5 x 301 mm,
Antenna,Amphenol,CBXA-171065/8-M,1855 x 215 x 160 mm,
Antenna,Andrew,HBX-65DS-VTM,1306 x 168 x 84 mm,
Dish,,,1.2 & 0.6 m,
RRU/RRH,HUAWEI,5904W,400 x 300 x 150mm,
RRU/RRH,HUAWEI,5909,400 x 300 x 100mm,
Antenna,TBD,,"2,133.00cm x 356.00cm x 83.00mm [839.76"" x 140.16"" x 3.27""]",
Dish,Huawei,A0612HAC,1.20 m,
Dish,,Minilink,0.6,
Dish,,A0612HAC,1.2,
RRU/RRH,Huawei,5904W,400x300x150 mm,
Dish,Mini Link,Ant 3A 1.2 7/8 HPX,1.20m,
Antenna,TBD,,1315 x 265 x 90 mm,
Dish,,Ant 3A 1.2 7/8 HPX,1.2,
Antenna,Huawei,ADU-4518R1V06,1360x260x86 mm,
Antenna,Rymsa,MGD3-800TV,1340 x 170 x 100 mm,
Antenna,Moyano,MY-DTBS-196516,1360 x 160 x 80 mm,
Antenna,HUAWEI,ATR4518R6V06,1999mm x 349mm x 166mm,
Antenna,PD,PD,2133mm x 356mm x 178mm,
RRU/RRH,Huawei,3900,480 mm x 270 mm x 140 mm,
Antenna,Andrew,ADU4518R1v06,1365mm x 269mm x 86mm,
RRU/RRH,TBD,,490x380x170mm,
Dish,Ericsson,,1.20 m,
Dish,Huawei,A15S12HAC,1.20 m,
Dish,Ericsson,PD,0.6m,
RRU/RRH,Ericsson,AS118747,640 x 400 x 120 mm,
Antenna,Amphenol,C-BXA-185065-8-M,1360 x 160 x 70 mm,
Antenna,Moyano,MY-DBS-196518,1300 x 150 x 70mm,
Dish,Andrew,VHLP2-15W-CR43,0.6 M,
Dish,PD,,1.2 M,
Antenna,Huawei,LDX6515-VTM,2073X269X132,
RRU/RRH,Huawei,AAU5733,995x499x210,
RRU/RRH,Huawei,3258,400X300X120,
Antenna,Huawei,ATD4516R8,1100X259X135,
Antenna,Huawei,NNVV-65C-R4,2438X498X197,
Antenna,Huawei,2CPX208R-V3,2090X504X118,
RRU/RRH,Huawei,3258,400mm x 300mm x 120mm,
Antenna,Commscope,2CPX208R-V1,2090mm x 504mm x 118mm,
RRU/RRH,Huawei,3908,"485.00 x 380.00 x 170.00mm [190.94"" x 149.61"" x 6.69""]",
Antenna,Commscope,LDX-6515DS-VTM,"2073mm x 269mm x 1320mm [816.14"" x 105.91"" x 5.2""]",
RRU/RRH,Huawei,5903,"400.00 x 300.00 x 120.00mm [157.48"" x 118.11"" x 4.72""]",
Antenna,Commscope,VV65-AR1B,"1390mm x 305mm x 1180mm [547.24"" x 120.08"" x 4.65""]",
RRU/RRH,Huawei,5301,"485.00 x 300.00 x 100.00mm [190.94"" x 118.11"" x 3.94""]",
Dish,HUAWEI,,"0.60m [23.62""]",
RRU/RRH,Huawei,3942,"485.00 x 380.00 x 170.00mm [190.94"" x 149.61"" x 6.69""]",
Antenna,Commscope,2VV-33CR4,"2499mm x 395mm x 228mm [983.86"" x 155.51"" x 8.98""]",
Antenna,CommScope,VV-65-AR1B,1390X305X118,
Antenna,Commscope,2VV-33C-R4,2499x395x228,
Dish,Huawei,Mini-Link,1.80 m,
Dish,Huawei,PD,1.20m,
Dish,PD,PD`,1.20m,
Antenna,PD,PD,,
Antenna,Huawei,ADU 4518R1V06,1365x269x86,
RRU/RRH,Huawei,AAU5733,699x395x160,
Dish,HUAWEI,,0.30m,
Antenna,Commscope,LNX6515DS-VTM,2453mm x 301mm x 180.50mm,
RRU/RRH,ERICSSON,5909,400 x 300 x 170 mm,
RRU/RRH,,221940,,
RRU/RRH,Huawei,3800,610x380x200,
Dish,,,.90m,
RRU/RRH,Ericsson,400 x 300 x 150 mm,22 kg,
Antenna,TBD,TBD,"2,133 x 356 x 178mm",
Dish,HUAWEI,A15SC09HAC,0.90m (O.R. 1.20m),
Dish,HUAWEI,A15SC03HAC,0.30m (O.R. 1.20m),
RRU/RRH,Ericsson,RRU21940,,
RRU/RRH,,RRU22 1940,,
Antenna,Andrew,HBX-6516-VTM,1306 x 168 x 84 mm,
Antenna,Commscope,LBX-6516DS-VTM,2717x267x132,
Dish,Huawei,A7WD09MDD,0.9,
RRU/RRH,Ericsson,2217,340 x 297 x 105 mm,
Antenna,Commscope,RR90-18-00DP,1820 x 200 x 70 mm,
Antenna,EMS,RR901800DP,1820 x 200 x 70 mm,
Antenna,PD,ADU4511819v01,1954 x 383 x 89 mm,
Dish,Radwin,Winklink,0.30 m,
Dish,Huawei,AS15S09HAC,0.9 m,
Dish,Huawei,AS15S09HAC,0.9,
Antenna,,,0.3,
Antenna,Commscope,HBX-6516DS-VTM,132 x 2070 x 269 mm,
Antenna,Commscope,DBXLH-6565EC-VTM,14294 x 269 x 132 mm,
Antenna,Commscope,HBX-6516DS-VTM,2070 x 269 x 132 mm,
Antenna,Moyano,MY-DB196518(2),1300 x 150 x 70 mm,
Antenna,Andrew,HBX- 6513DS-VTM,695 x 166 x 83 mm,
Dish,Huawei,A11D06HAC,0.6,
Antenna,Commscope,LDX6515-VTM,2073 x 269 x 132 mm,
RRU/RRH,RRU,PD,400 x 300 x 170 mm,
Antenna,PD,PD,2073 x 269 x 132 mm,
Antenna,HUAWEI,ATR4518R6V06,1999x349x166mm,
Antenna,HUAWEI,AAU5339W,1365x269x86mm,
RRU/RRH,TBD,,485x380x170mm,
RRU/RRH,Huawei,RRU3936,400 x 300 x 150 mm,
RRU/RRH,Huawei,RRU5903,400 x 300 x 120 mm,
Dish,Ceragon,AM-4-15-CR,1.20 m,
RRU/RRH,Huawei,5903,400x300x120,
Dish,Andrew,VHLP2,0.60 m,
RRU/RRH,Huawei,SRRUB05-0850,485 x 380 x 170 mm,
Dish,Ceragon,Am-4-15-CR,1.2,
Antenna,TBD,TBD,"2,073.00cm x 269.00cm x 132.00mm [816.14"" x 105.91"" x 5.2""]",
RRU/RRH,Huawei,3952,485mm x 380mm x 170mm,
Antenna,Commscope,LDXX-6515DS-VTM,2567mm x 549mm x 165mm,
Antenna,Commscope,2CPX208R-V3,2090mm x 504mm x 118mm,
RRU/RRH,Huawei,3952,485x380x170,
Antenna,Commscope,RVVS4-65M-R4,999mmX350mmX208mm,
RRU/RRH,HUAWEI,3971,400mmx300mmx120mm,
Antenna,TBD,TBD,999mmX350mmX208mm,
RRU/RRH,Huawei,5301,400 x 300 x 100mm,
Antenna,Commscope,LDX6515DS-VTM,"2,073.00cm x 269.00cm x 132.00mm [816.14"" x 105.91"" x 5.2""]",
Dish,PD,,"0.60m [23.62""]",
RRU/RRH,TBD,,400 x 300 x 170mm,
Antenna,TBD,,"2,499.00cm x 395.00cm x 228.00mm [983.86"" x 155.51"" x 8.98""]",
Antenna,Commscope,2CPX208R-V3-KT,"2,090.00cm x 504.00cm x 118.00mm [822.83"" x 198.43"" x 4.65""]",
RRU/RRH,Huawei,3900,485x380x170,
Antenna,Commscope,2VV-33C-R4,2499x395x228mm,
RRU/RRH,Huawei,ATR4518R6V06,1999x349x166,
RRU/RRH,PD,PD,,
Antenna,,PD,2073 x 269 x 132 mm,
Dish,Andrew,VHLP-23-2WH,0.6M,
RRU/RRH,Huawei,3936,524 x 470 x 158mm,
RRU/RRH,,PD,,
Antenna,Andrew,(3)DBXLH-6565EC-VTM + (3)HBXX-6516DS-VTM,See notes,
Antenna,,,2073 x 269 x 132 mm,
Dish,Huawei,PD,0.6m,
RRU/RRH,TBD,,518mmx470mmx156mm,
RRU/RRH,Ericsson,3281,400 x 300 x 120 mm,
RRU/RRH,TBD,TBD,499mmx380mmx170mm,
RRU/RRH,Huawei,3936,400mmx300mmx120mm,
RRU/RRH,Ericsson,3936,400 x 300 x 120 mm,
RRU/RRH,Huawei,3268,400x300x120,
RRU/RRH,Huawei,3804,485x356x140,
Antenna,Andrew,LDXX-6515DS-VTM,2073 x 269 x 132 mm,
Antenna,HUAWEI,AMB4520R9V06,2550mmx399mmx196mm,
Antenna,Commscope,LDX6516DS-VTM,2717mmx376mmx267mm,
Antenna,HUAWEI,HBX6516DS-VTM,1365mmx269mmx86mm,
RRU/RRH,Huawei,3936,400 x 300 x 120mm,
Antenna,TBD,TBD,2073x269x132mm,
RRU/RRH,Huawei,5508,400 x 300 x 120mm,
Dish,TBD,,0.60m,
Antenna,Commscope,NNVV-65C-R4,2438x498x197mm,
RRU/RRH,Ericsson,5904,400mm x 300mm x 120mm,
RRU/RRH,TBD,TBD,400mm x 300mm x 100mm,
Antenna,HUAWEI,ADU4518R1V06,1365mm x 299mm x 180mm,
Antenna,Huawei,ADU4518R1V06,1365x299x180,
Dish,Huawei,A07S09HAC,0.9,
Antenna,Commscope,RVV-65D-R3-KT,2830mm x 460mm x 350mm,
Antenna,CommScope,DBXLH-6565EC-VTM,2574x269x132,
Dish,Huawei,A07D06HAC,0.6,
RRU/RRH,Ericsson,11B2,640 x 380 x 160 mm,
RRU/RRH,Ericsson,221940,510 x 330 x 170 mm,
Antenna,Andrew,HBX-6516DS,1300 x 160 x 80 mm,
Antenna,Andrew,HBX-6513DS-VTM,695 x 166 x 83 mm,
Dish,PD,Huawei,0.6 m,
Antenna,Huawei,LDX6516DS-VTM,2717x267x376,
Antenna,Huawei,ADU4518R1V0,1365x269x86,
Dish,,A15S06HAC,0.3,
RRU/RRH,Ericsson,11B2,636 x 383 x 169 mm,
Dish,Huawei,A07D12HAC,1.2,
Antenna,Andrew,HBX-6516DS-VTM,1306 x 166 x 83 mm,
Dish,Ericsson,Mini-Link,0.6m,
Antenna,Huawei,AMB4519R6V06,2099mm x 349mm x 166 mm,
Antenna,Huawei,ATR4518R6V06,2099mm x 349mm x 166 mm,
Antenna,Andrew,DBXLH-6565EC-VTM,2570 x 260 x 130 mm,
RRU/RRH,Huawei,3900,480 x 380 x 170 mm,
Antenna,Andrew,HBXX-6516DS,1470 x 160 x 80 mm,
Antenna,Andrew,HBX-6516DS-VTM,1306 x 138 x 84 mm,
RRU/RRH,Ericsson,12B2,520 x 470 x 160 mm,
Dish,,,.61 m,
RRU/RRH,Ericsson,221940,0.5 x 0.3 x 0.2 m,
Dish,,,1.22 m,
Antenna,Comba,ODV2-065R18K-G,1315 x 260 x 98 mm,
Dish,Ericsson,Minilink,.61 m,
Antenna,Andrew,CCVVPX308.11R-C3,2100 x 498 x 197 mm,
RRU/RRH,Huawei,RRU3936,470 x 300 x 120 mm,
Antenna,Andrew,LDXX6516DS-VTM,2567 x 549 x 165 mm,
Antenna,Andrew,LBX6515DS-VTM,2073 x 269 x 132 mm,
Antenna,Commscope,HBXX-6516DS-VTM,1472 x 164.6 x 85.3 mm,
Dish,PD,,.90 m,
RRU/RRH,Ericsson,2217 B2,340 x 291 x 105 mm,
Antenna,Andrew,HBX-6516DS,1306 x 166 x 83 mm,
Antenna,N/D,ADU451819V01,1954 x 323 x 89 mm,
Antenna,Commscope,ADU4516R6v06,1999x429x196,
RRU/RRH,HUAWEI,3952,400x300x150,
Antenna,Commscope,N45C-1XB1,2437mm x 457mm x 178mm,
Antenna,Commscope,N45C-1XB1,2437x457x178,
Dish,Huawei,5909,400x300x100,
Dish,Commscope,VHPL2-15-NC3,0.60m,
RRU/RRH,Huawei,3952,470 x 30 x 170 mm,
Antenna,Andrew,LDX-6515DS-VTM,2577 x 269 x 132 mm,
RRU/RRH,Huawei,3036,470 x 30 x 120 mm,
Antenna,Andrew,HWXX-6515DS1-VTM,1390 x 305 x 118 mm,
RRU/RRH,Huawei,3804,485x285x250,
Antenna,Comba,ODV2-065R18KG,1315 x 265 x 90 mm,
Antenna,Andrew,HBX6516DS-VTM,695 x 166 x 83 mm,
Dish,,PD,0.6m,
Antenna,Huawei,AAU5339W,699 x 395 x160 mm,
RRU/RRH,Huawei,3036,400 x 300 x 100mm,
Antenna,Commscope,LDX-6515DS-VTM,"2,073.00cm x 269.00cm x 132.00mm [816.14"" x 105.91"" x 5.2""]",
Dish,,TBD,0.60m,
RRU/RRH,Huawei,5903,400 x 300 x 100mm,
Antenna,Commscope,LDX-9014DS-VTM,2435x225x164mm,
RRU/RRH,Huawei,RRU's 3036,400x300x100,
Antenna,Commscope,2CPX208R-V3,2090x504x118mm,
Antenna,Commscope,LDX-9014DS-VTM,2435x225x164,
Dish,Ericsson,Ericsson,0.60,
RRU/RRH,Huawei,5904,400 x 300 x 100 mm,
Antenna,Andrew,HBXX-6516DS-VTM,1294 x 305 x 166 mm,
Antenna,Huawei,ATR4518R6,2020 x 349 x 166 mm,
Antenna,Huawei,A704516R0V06,2535x298x149,
Antenna,Commscope,LDX-6515DS-VTM,"2,073.00cm x 269.00cm x 132.00mm",
Antenna,Commscope,DBXLH-6565EC-VTM,2570 x 260 x 130 mm,
RRU/RRH,,,490 x 380 x 170 mm,
Dish,,,1200 mm,
Dish,Ericsson,A7WD6MAC-3NX,0.6,
Antenna,Commscope,HBXX-6516DS-VTM,14470 x 160 x 80 mm,
Antenna,Commscope,DBXLH-6565E-vtm,2574x269x132mm,
Antenna,,,41.1m,
Dish,Huawei,A07S09HAC,0.6,
Dish,Huawei,A10WD09MAC,0.9,
RRU/RRH,Huawei,RRU3281,400 x 300 x 150 mm,
Antenna,Commscope,RVVPX310 11R-V3,2533 x 350 x 208 mm,
RRU/RRH,Huawei,RRU3936,400 x 300 x 100 mm,
Antenna,Andrew,LDX-6515DS-VTM,2570x269x132 mm,
RRU/RRH,Huawei,3952,400 x 300 x 100 mm,
Antenna,Commscope,RVV-65D-R3,2068 x 350 x 200 mm,
RRU/RRH,Huawei,3804,400 x 300 x 150 mm,
Dish,Andrew,VHLP1-23-2WH,0.60m,
Antenna,Commscope,2CPX208R-V1,2090 x 500 x 110 mm,
Antenna,TBD,TBD,2090 x 500 x 110 mm,
RRU/RRH,Huawei,3952,400x300x100,
Antenna,CommScope,DBXLH-6565EC-VTM,2570x260x130,
RRU/RRH,Huawei,3804,400x300x150,
Antenna,Huawei,LDX-6516DS-VTM,2577x269x132,
Dish,,VHLP1-23-2WH,0.3,
Antenna,Andrew,LDX-6515DS-VTM,2073x269x132 mm,
Dish,HUAWEI,VHLP2-18-NC3,0.60m,
RRU/RRH,Huawei,3804,485 x 285 x 250 mm,
Antenna,Andrew,RVV-65D-R3-KT,2830x460x350 mm,
Antenna,Commscope,N45C-1XB1,2437x457x178mm,
Antenna,PD,PD,2073x269x132 mm,
Antenna,CommScope,LDX-6515DS-VTM,2070x260x13,
Antenna,Huawei,ATD4516R8,1100x260x13,
RRU/RRH,Huawei,3008,485 x 380 x 170 mm,
Antenna,CommScope,LDXX6515DS-VTM,2070x550x16,
RRU/RRH,Huawei,3278,485 x 356 x 140 mm,
RRU/RRH,Huawei,3804,480x380x170,
RRU/RRH,Huawei,3908,480x380x170,
Antenna,Commscope,N45C-1XB1,2437x457x118mm,
RRU/RRH,TBD,,400 x 300 x 100mm,
Antenna,Commscope,PD,2437x457x178mm,
Antenna,Commscope,LDX6515-VTM,2073x269x132mm,
Dish,RFS,RFS    SB4-W71ANEC,1.2,
Antenna,Andrew,HBXX-6515DS-VTM,1306 x 166 x 83 mm,
RRU/RRH,PD,PD,490 x 380 x 170 mm,
Antenna,Andrew,HBX-6516,1306 x 166 x 83 mm,
Dish,PD,PD,.90 m,
Antenna,Commscope,HBX-6515DS-VTM,132 x 2070 x 269 mm,
Antenna,Andrew,HBXX-6516,1.30 x 0.30 mm,
RRU/RRH,Huawei,3952,400 x 300 x 120mm,
Dish,Nec Corporation,MDP-400MB-1B,0.60m,
Antenna,TBD,,2499x395x228mm,
RRU/RRH,Huawei,5909,400x300x150,
Antenna,Commscope,LDX6515DSVTM,2073x269x132,
Dish,Huawei,MDP-400MB-1B,0.6,
RRU/RRH,Huawei,3804,488 x 280 x 155mm,
Dish,,VHLP 2-18,0.60m,
Antenna,Commscope,LDXX6516DS-VTM,2567x549x165mm,
Antenna,Huawei,LDX6515DS-VTM,2073x269x132,
Antenna,Huawei,LXX6516DS-VTM,2567x549x165,
Dish,Commscope,VHLP2-18,0.6,
Antenna,CommScope,DBXLH-6565EC-VTM,2507x260x130,
Dish,RFS,SB4-W71ANEC,1.2,
Antenna,Huawei,ATR 4518R6V06,1999 x 349 x 166 mm,
RRU/RRH,Huawei,B07-2600,442X310X86,
Antenna,Commscope,LNX-6515DS-VTM,2073 x 269 x 132 mm,
RRU/RRH,Huawei,3936,524 x 470 x 158 mm,
Antenna,,,60 cm,
Antenna,Huawei,LDX6516DS-VTM,2574x269x132,
RRU/RRH,Huawei,5905,400x300x120,
Antenna,Huawei,ATR 4518R6V06,1999x349x166,
Antenna,Commscope,RVUPX310R-V,2522x207x351,
Antenna,HUAWEI,ATR4518R6v06,"1,999.00cm x 349.00cm x 166.00mm [787.01"" x 137.4"" x 6.54""]",
RRU/RRH,HUAWEI,3971,400x300x100mm,
Antenna,TBD,,1999x349x166mm,
RRU/RRH,Huawei,3971,400x300x100,
Dish,Huawei,A07WD09MAC,0.9,
Dish,HUAWEI,A15S12HAC,1.20m,
Antenna,Commscope,LDX-6516DS-VTM,2577mmx269mmx132mm,
Dish,Huawei,A07S12HAC,1.2 m,
Antenna,Huawei,AMB4519R4V06,2685x359x178,
Dish,Huawei,7WD06MAC-3NX,0.60 m (Derecho real 1.20m),
RRU/RRH,PD,PD,400 x 300 x 150,
Antenna,PD,PD,2574 x 269 x 132mm,
Antenna,Huawei,ATR4518R6V06,1999 x 349 x h166,
RRU/RRH,Huawei,BXX-1900,514X334X176,
RRU/RRH,Huawei,DBS3900LTE,485 x 285 x 170 mm,
Antenna,Andrew,See notes,See notes,
Dish,PD,,1.3 m,
Dish,Huawei,A7WD09MAC-3N,0.60,
RRU/RRH,TBD,,400x300x150mm,
Antenna,TBD,TBD,"1,294.00cm x 166.00cm x 305.00mm [509.45"" x 65.35"" x 12.01""]",
RRU/RRH,Huawei,DBS3900 LTE,485 x 285 x 170 mm,
Antenna,Commscope,HBXX-6516DS-VTM,1294 x 166 x 305 mm,
Antenna,Commscope,DBXLH-6565EC-VTM,2574 x 132 x 269 mm,
RRU/RRH,Ericsson,,1.31 m,
Antenna,Moyano,MY-DTBSS-0819651719,2.94 x 0.37 x 0.22 m,
RRU/RRH,Huawei,3258,400 x 300 x 100 mm,
Antenna,Huawei,RVV65D-R3,2688 x 350 x 208 mm,
Antenna,Huawei,ATD4516,2350 x 435 x 250 mm,
RRU/RRH,Huawei,5209,400 x 300 x 100 mm,
RRU/RRH,Huawei,3258,400X300X100,
RRU/RRH,Huawei,5209,400X300X100,
Antenna,HUAWEI,ADU4516R6V06,1999mmx429mmx196mm,
RRU/RRH,HUAWEI,5512,480mmx356mmx140mm,
Antenna,Andrew,HWXX6515DS1-VTM,1390x305x118 mm,
RRU/RRH,HUAWEI,3593,300 x 150 x 170 mm,
RRU/RRH,Ericsson,3953,300 x 150 x 170 mm,
RRU/RRH,PD,PD,480 x 270 x 140 mm,
RRU/RRH,Huawei,3953,300X150X170,
Antenna,Huawei,ADU4518R1V01,1311 x 323 x 89 mm,
Antenna,PD,PD,2574 x 269 x 132 mm,
Antenna,Huawei,ADU4616R6v06,1999x429x196,
Antenna,TBD,TBD,"2,090.00cm x 500.00cm x 110.00mm [822.83"" x 196.85"" x 4.33""]",
Antenna,Andrew,LDX-6515DS-VTM,2577x269x132 mm,
Antenna,Andrew,LBX-4517DS-VTM,2013x390x233 mm,
RRU/RRH,TBD,TBD,400x300x150mm,
RRU/RRH,PD,,400mmx300mmx150mm,
Antenna,PD,PD,2940mmx370mmx220mm,
RRU/RRH,HUAWEI,5258,480mmx356mmx140mm,
Antenna,,RVVS4-65M-R4,999mmx350mmx208mm,
RRU/RRH,Ericsson,,0.4 m,
RRU/RRH,Ericsson,12B2,518 x 470 x 156 mm,
Antenna,Andrew,HBXX6516DS-VTM,2940 x 370 x 22 mm,
Antenna,Andrew,HBX6513DS-VTM,2940 x 370 x 22 mm,
Dish,Huawei,A15S03HAC,1.2 m,
Antenna,Commscope,RVVPX310R,2490 x 296 x 244 mm,
Antenna,Commscope,RVVPX310R,2490x296x244,
Antenna,Huawei,AAU5733,1400x395x175,
Antenna,Commscope,LDX-6515DS-VTM,2073 x 269 x 132mm,
RRU/RRH,Ericsson,01 B2,514x334x176mm,
Antenna,Andrew,HBX-6516DS-VTM w/Mount Pipe,1306x168x84mm,
Dish,HUAWEI,,1.80m,
RRU/RRH,Ericsson,01 B2,514X334X176,
Antenna,,BXA-1887411,1293x305x1165mm,
Antenna,,TBD,TBD,
Antenna,Amphenol,BXA-1887411,1293x305x165,
Antenna,,,"Up to 84"" x 14"" x 7""",
Dish,,,Up to 4 ft or up to 3 ft,
RRU/RRH,Ericsson,221940,365 x 286 x 470 mm,
RRU/RRH,Huawei,5508,480x356x150,
Antenna,Huawei,ADU4518R1v06,1999x429x196,
Dish,Huawei,A15D09MDD-3NX,0.9,
RRU/RRH,Ericsson,RRU 11 B2,636 x 383x 169 mm,
Dish,Ericsson,Minilink,27.74 m,
Dish,HUAWEI,VHLP2,0.60m,
Dish,Huawei,A07S18HAC,1.8,
Antenna,Andrew,HBX-6516DS-VTM,1365 X 269 X 86 MM,
RRU/RRH,Ericsson,RRU 11 B2,636 x 3830 x 169 mm,
RRU/RRH,Huawei,B08-0900,430x300x100,
RRU/RRH,Ericsson,B08-0900,430 X 300 X 120 MM,
RRU/RRH,Ericsson,MRRU BXX-1900,480 x 270 x 140 mm,
Antenna,Amphenol,A194518R1V01,1365 x 299 x 109 mm,
Antenna,Commscope,LDX-6515DS-VTM,2070 x 269 x 132 mm,
Antenna,,BXA-1887411,1293mm x 305mm x 165mm,
RRU/RRH,Ericsson,5904,518mm x 470mm x 156mm,
RRU/RRH,HUAWEI,5909,400mm x 300mm x 120mm,
Antenna,Huawei,AMB4520R9V06,1468mm x 349mm x 166 mm,
Dish,Ericsson,Ericsson Minilink,0.3,
Antenna,Huawei,AMB4520R9V06,1468x349x166,
Dish,HUAWEI,VHLP1-23-2WH,0.60m,
Antenna,Andrew,VV-33C-R4,2499x395x228 mm,
Antenna,Andrew,RVV-65D-R3-KT,2688x350x208 mm,
Antenna,Commscope,VV-33C-R4,2499x395x228,
Antenna,Huawei,AMB4519R6V06,2095x399x196,
Antenna,Huawei,ADU4518R1V06,1365x2695x86,
Antenna,HUAWEI,ADU4518R6V06,1999 x 349 x 166 mm,
Antenna,HUAWEI,ATD4516R8V07,1100 x 259 x 135 mm,
RRU/RRH,HUAWEI,5258,480 x 356 x 140mm,
Antenna,Huawei,ATR4518R6V06,1999x349x196,
RRU/RRH,Ericsson,,0.4,
Dish,Ericsson,PD,1.2 m,
Antenna,Huawei,AMB4519R6V06,2685x359x178,
Antenna,Huawei,ADU4518R1v06,1365mmx259mmx86mm,
Antenna,Huawei,AMB4519R5V06,2685mmx359mmx178mm,
Antenna,HUAWEI,AAU5339W,669mmx395mmx160mm,
Antenna,Huawei,ATD4516R8V08,1100mm x 259mm x 135mm,
Antenna,Huawei,AMB4519R9V06,2099mm x 1996mm x 399 mm,
Antenna,Huawei,AMB4519R6V06,2099x399x1996,
RRU/RRH,Ericsson/ RRU,,0.4 m,
RRU/RRH,Huawei,3804,485 x 285 x 1700 mm,
Dish,Huawei,Minilink,0.60m,
Dish,Commscope,VHLP2-15-CR48,0.6,
Antenna,N/D,ADU451819V01,2940 x 370 x 22 mm,
RRU/RRH,HUAWEI,3971,400x300x120mm,
Antenna,HUAWEI,ATR4518R6v06,1999mmx349mmx169mm,
Antenna,HUAWEI,HBX6516DS-VTM,1306mmx166mmx83mm,
Dish,Andrew,VHLP1-23-2WH,0.6m,
Antenna,Commscope,HBX-6513DS-VTM,695 x 166 x 83mm,
Dish,Ericsson,Minilink,.60m,
Antenna,Moyano,MY-DTBSS-0819651719,2.94 x 0.37 c 0.22 m,
RRU/RRH,Ericsson,RRU,0.4 m,
Dish,HUAWEI,A15S09HAC,0.90m,
RRU/RRH,Ericsson,RRU,0.4m,
Antenna,Moyano,MY-DTBSS-0819651719,2.94m x 0.37m x 0.22m,
Dish,Ericsson,PD,1.2m,
Antenna,Huawei,MS-MBA-3-H4,900x620x600,
Dish,TBD,,1.20 m,
Antenna,Huawei,ADU4518R6V06,1999mm x 349mm x 166mm,
Antenna,,AMB4519R6V06,2099mm x 399mm x 196mm,
Antenna,,MS-MBA-3-H4,900mm x 620mm x 600mm,
Antenna,Huawei,ADU4516R1V06,1365mm x 269mm x 86mm,
Dish,Huawei,A15S06HAC,0.90m,
Antenna,Huawei,ADU4518R1v01,1365x299x109mm,
Antenna,Huawei,ATD4516R8V07,1100x259x135mm,
Antenna,Huawei,AMB4519R5V06,2685x359x178mm,
Antenna,Huawei,ADU4518R1V01,1365x299x109,
Antenna,Huawei,ADU4518R1V06,1360x269x89,
RRU/RRH,Ericsson,RRU,636 x 383x 169 mm,
Antenna,Comba,ODV2-065R18K-G,2.94m x 0.37m x 0.22m,
Dish,Ericsson,,1.2m,
RRU/RRH,,5409w,400x300x150,
Antenna,Commscope,RVVS4 65M R4,999mm x 350mm x 208 mm,
Dish,Huawei,15S03HAC,0.30 m,
RRU/RRH,,5258,400x300x100,
RRU/RRH,HUAWEI,5258,400mm x 300mm x 100mm,
Antenna,Huawei,AAU5613,795x395x220,
Dish,,A15S03HAC,0.3,
RRU/RRH,Ericsson,RRU,520mm x 470mm x 160mm,
Antenna,Huawei,AAU5339W,699x 395x160,
RRU/RRH,PD,PD,520mm x 470mm x 160mm,
RRU/RRH,Huawei,3959,400x300x100,
RRU/RRH,HUAWEI,3959,400mm x 300mm x 100mm,
Antenna,HUAWEI,AAU5726,1080mm x 670mm x 220mm,
Antenna,PD,PD,1365mm x 269mm x 86mm,
Antenna,Huawei,AMB4519R6V06,2555x399x196,
RRU/RRH,Ericsson,RRU,636 x 383 x 169 mm,
RRU/RRH,Huawei,PCB05 / PCB05-B,1.30 x 0.90 x 2.10 m,
Antenna,Comba,0DV2-065R18K-G,2.94m x 0.37m x 0.22m,
RRU/RRH,PD,,636mm x 383mm x 169 mm,
Antenna,Comba,ODV2-065R18K-G,2.94 x 0.37 m x 0.22 m,
Antenna,Comba,ODV2-065R18K-G,2.94 x 0.37 x 0.22 m,
Antenna,Commscope,N45C-1XB1,2437 x 457 x 178 mm,
Antenna,Commscope,N45C-1X-B1,2437x457x178,
RRU/RRH,Huawei,3942,400X300X170,
RRU/RRH,HUAWEI,3942,400 x 300 x 170mm,
Antenna,HUAWEI,AMB4519R3v06,2930 x 550 x 300 mm,
Antenna,HUAWEI,ATR4518R6v06,1880 x 425 x 225,
Antenna,TBD,TBD,1880 x 425 x 225 mm,
Antenna,Comba,0DV2-065R18K-G,2.94 x 0.37 x 0.22 m,
RRU/RRH,RRU,Ericsson,636 x 383 x 169 mm,
RRU/RRH,Huawei,3278,480x356x140,
RRU/RRH,Ericsson,,636 x 383 x 169 mm,
RRU/RRH,Huawei,5517T,520x480x140,
RRU/RRH,Huawei,3952,485 x 380 x 170 mm,
RRU/RRH,Huawei,5304W,400x300x100,
RRU/RRH,Ericsson,B2,640 x 380 x 160 mm,
Antenna,Comba,ODV2-065R18K-G,2.940 x 370 x 22 m,
Dish,Huawei,N/D,1.2 m,
RRU/RRH,Ericsson,2217,340 x 297 x 105mm,
RRU/RRH,,,610 x 380 x 200 mm,
RRU/RRH,Huawei,3942,400X300X100,
Antenna,,,1954 x 323 x 89 mm,
Antenna,Comba,0DV2065R18KG,1315x265x90,
RRU/RRH,Ericsson,01 B2,636x383x169,
Antenna,Comba,ODV2-065R18K-G,2.94 x0.37 x 0.22 mm,
RRU/RRH,5904W,RRU,400x300x150mm,
RRU/RRH,Huawei,3804,488 x 280 x 155 mm,
RRU/RRH,Huawei,B02-1900,610 x 380 x 200 mm,
RRU/RRH,Huawei,B02-1900,610X380X200,
Antenna,,DXX1710,1954 x 323 x 89 mm,
RRU/RRH,Huawei,5501,400X120X100,
Antenna,Commscope,LDX-6516DS-VTM,2577 x 269 x 132mm,
Antenna,Commscope,2cpx208r-v1,2090 x 504 x 118mm,
Antenna,Commscope,NNVV-65C-R4,2438 x 498 x 197mm,
Antenna,HUAWEI,ATD4516R8,1100 x 259 x 135mm,
Antenna,TBD,TBD,2438 x 498 x 197mm,
RRU/RRH,Huawei,3952,400 x 300 x 150mm,
RRU/RRH,Huawei,3936,400 x 300 x 100mm,
Antenna,Commscope,2VV33CR4V6,2499x395x228,
RRU/RRH,Huawei,5508,400 x 300 x 150mm,
Antenna,Commscope,ATD4516R5V07,1445x299x109,
RRU/RRH,Ericsson,RRU,636 x 383 x 169 m,
Dish,Andrew,VHLP2-18-3WH,0.6m,
RRU/RRH,Ericsson,RRU,636 x 383 x 169mm,
Antenna,HUAWEI,LDX-6516-VTM,2574mm x 269mm x 132mm,
Antenna,HUAWEI,ADU4518r6v06,1365mm x 269mm x 180mm,
RRU/RRH,Ericsson,,636 x 383 x 169mm,
RRU/RRH,Huawei,5508,480x356x140,
RRU/RRH,Huawei,5904W,400x300x150,
Antenna,TBD,TBD,PD,
Dish,Huawei,A15S06HAC,0.90 M,
Antenna,Commscope,LDX 6516DS TVM,2717 x 376 x 267 mm,
Antenna,TBD,TBD,"2,717.00cm x 376.00cm x 267.00mm [1,069.69"" x 148.03"" x 10.51""]",
RRU/RRH,3804,,485 x 285 x 170mm,
RRU/RRH,Huawei,5942,400 x 300 x 100mm,
Antenna,Commscope,LDXX6516DS-VTM,"2,070.00cm x 549.00cm x 165.00mm [814.96"" x 216.14"" x 6.5""]",
Dish,HUAWEI,VPLHP2-7WNC3,0.60m,
RRU/RRH,Huawei,5942,400x300x100,
Antenna,Andrew,LBX-6516DS-VTM,2577 x 269 x 132 mm,
Antenna,Huawei,ADU4518r1v06,1365 x 269 x 86,
Dish,Huawei,A07S12HAC,1.2m,
RRU/RRH,Ericsson,RRU,636 x 383 x169 mm,
RRU/RRH,PD,PD,610 x 380 x 200 mm,
Antenna,PD,PD,1954 x 323 x 89 mm,
Antenna,Huawei,LDX-6515DS,2073x269x132,
RRU/RRH,Huawei,5904W,400x300x140,
RRU/RRH,Ericsson,3702,636mmx383mmx169mm,
Antenna,HUAWEI,ADU4518R1V06,1360mmx260mmx86mm,
Dish,Ericsson,1.2m,45.81kg,
RRU/RRH,Huawei,5512,480x365x140,
RRU/RRH,HUAWEI,3942,400mmx300mmx100mm,
Antenna,HUAWEI,DXX1710,1880mmx425mmx225mm,
RRU/RRH,Huawei,5258,400 x 356 14 mm,
Antenna,Andrew,NNVV65C,2438 x 498 x 197 mm,
Antenna,Andrew,LNX-6515DS-VTM,2453 x 301 x 180 mm,
Antenna,Andrew`,ATD4516R8,1100 x 259 x 135 mm,
RRU/RRH,Huawei,3036,470x300x120,
Dish,Huawei,VHLP2-18-3WH,0.6m,
Antenna,Commscope,NNVV65C,2438x498x197,
RRU/RRH,Ericsson,RRU,636x383x169mm,
Antenna,Comba,ODV2-065R18K-G,2.94mm x 0.37m x 0.22m,
RRU/RRH,Huawei,5517,520x480x140,
RRU/RRH,Ericsson,63.6 x 383x 169 mm,24 kg,
Antenna,Comba,ODV2-065R18K-G,2.94 x 0.37 x 0.22 mm,
Dish,Ceragon,Am-2-15-CR,0.6,
Antenna,Comba,0DV2-065R18K-G,2.94 x 0.37 x 0.22m,
Antenna,Huawei,ADU4516R6v06,1365x269x86,
Antenna,Commscope,LBX-6516DS-VTM,2717 x 267 x 132 mm,
RRU/RRH,Ericsson,,636 x 383 x 169m,
RRU/RRH,Huawei,5508,480x356 x140,
Dish,Huawei,A7WD09MAC,0.9,
RRU/RRH,,5301,400 x 300 x 100mm,
Antenna,PD,PD,2437x245x178mm,
Antenna,Commscope,N45C-1XB1,2437x245x178mm,
Antenna,Huawei,ADU4516R6v06,1999x426x196,
Antenna,Huawei,ADU4518R1v06,1365x269x86,
Dish,Commscope,VHLP4,1.2,
Antenna,Commscope,NNVV65CR4KT,2090x504x118,
Antenna,Huawei,AMB4520R8v06,1509x399x196,
Dish,Commscope,VHLP1-18-NC3,0.3,
Dish,Andrew,VHLP2-18-3WH,0.6 m,
Dish,Huawei,A7WD06MAC-ENX,0.60 m,
Antenna,Commscope,LBX-6516DS-VTM,2577mm x 269mm x 132 mm,
Antenna,Comba,0DV2-065R18K-G,2.94 x 037 x 0.22 m,
Antenna,TBD,,2133 X 356 X 178 mm,
Dish,TBD,TBD,(2)1.2 or (3)0.9m,
Antenna,Huawei,ADU4518R1V06,1365 x 269 x 88 mm mm,
Antenna,TBD,TBD,TBD,
RRU/RRH,HUAWEI,5508,400mmx300mmx120mm,
Dish,,,0.90m,
Antenna,HUAWEI,ADU4518R1V06,1365mmx269mmx180mm,
Antenna,HUAWEI,ATR4516R6V06,1999mmx349mmx166mm,
Antenna,Huawei,ADU4518R1V06,1365 x 269 x 180 mm,
Antenna,Huawei,ATR4518R6V06,1999 x 349 x 166 mm,
RRU/RRH,Huawei,3958,400 x 300 x 100 mm,
Antenna,PD,ATR 4T,1314 x 155 x 70 mm,
Antenna,Commscope,HBX-6513DS-VTM,695x166x83,
RRU/RRH,Ericsson,2217,340 x 291 x 105mm,
Antenna,Andrew,HBX6516DS-VTM,2940 x 370 x 22 mm,
Dish,Huawei,A15S03HAC,1.2m,
Antenna,Comba,ODV2-065R18K-G,294m x 0.37m x 0.22m,
Dish,Ericsson,TBD,1.20m,
Antenna,HUAWEI,HBX6513,695 x 160 x 83 mm,
Dish,Huawei,RTN,0.60 m,
RRU/RRH,HUAWEI,5904,400x300x170mm,
Antenna,Commscope,NNV-65C-R4,2438mm x 498mm x 197mm,
Antenna,Commscope,LDX6515DS-VTM,2073mm x 269mm x 132mm,
RRU/RRH,Huawei,5903,400mm x 300mm x 200 mm,
Dish,Ericsson,TBD,0.90m,
RRU/RRH,,B02-1900 RRU,610 x 380 x 200 mm,
RRU/RRH,Huawei,3908,240X140X75,
RRU/RRH,HUAWEI,3908,240mmx140mmx75mm,
RRU/RRH,HUAWEI,3953,300mmx150mmx170m,
Antenna,HUAWEI,ADU4518R1,1311mmx323mmx89mm,
Antenna,Commscope,LDX 6516,2577mmx269mmx132mm,
Antenna,Commscope,N45C-1XB1,"2,437.00cm x 457.00cm x 178.00mm [959.45"" x 179.92"" x 7.01""]",
RRU/RRH,Huawei,5508,400 x 320 x 150 mm,
Antenna,Commscope,RVV-65D-R3,"2,688.00cm x 350.00cm x 208.00mm [1,058.27"" x 137.8"" x 8.19""]",
Antenna,Huawei,AMB4518R1v06,1365x269x86,
RRU/RRH,3908,RRU,240x140x75mm,
RRU/RRH,Huawei,3953,300x150x170mm,
Antenna,Huawei,ADU4518R1,1311x323x89mm,
Antenna,Commscope,LDX 6516,2577x269x132mm,
Antenna,Huawei,AQU4518R23V18,1499 x 429 x 196 mm,
Antenna,HUAWEI,LNX-6515DS-A1M,2650mm x 180.5mm x 301mm,
Antenna,Huawei,LNX-6515DS-A1M,2650 x 301 x 180.5 mm,
RRU/RRH,3971,RRU,400mmx300mmx100mm,
RRU/RRH,Huawei,5508,400mmx300mmx150mm,
Antenna,Huawei,ATR4518R6,2020x349x166,
Antenna,Comba,ADV2-065R18K-G,2.94 x 0.37 x 0.22 m,
RRU/RRH,Huawei,3408,400 x 300 x 120 mm,
RRU/RRH,Huawei,3408,400X300X120,
RRU/RRH,Huawei,2600,480x300x120,
RRU/RRH,Ericsson,B02-1900/RRU,610 x 380 x 200 mm,
Antenna,Huawei,DXX1710,1954 x 323 x 89 mm,
Dish,CommScope,VHLP2-15-CR4B,0.6,
Antenna,TBD,TBD,1365x299x109mm,
Dish,HUAWEI,VHLP2-15-CR4B,0.60m,
RRU/RRH,Huawei,3952,450x300x150,
Antenna,Huawei,ATD4516R8,1290x340x205,
RRU/RRH,Huawei,3952,450 x 300 x 150 mm,
Antenna,Katrein,739685,1996x262x116,
Antenna,Kathrein,739865,1996 x 262 x 116 mm,
Antenna,Andrew,ATD4516R8,1290x340x205,
Antenna,Andrew,RVV-65D-R3-KT,2830x460x350,
Antenna,Andrew,LDX-6515DS-VTM,2073x269x132,
Dish,Ericcson,UKY21076/SCI5,0.60m,
Antenna,TBD,TBD,1302mmx155mmx70mm,
Dish,Ericsson,UKY21076/SC15,0.6,
Dish,Kathrein,UKY-220/43SC15,0.6 m,
RRU/RRH,,RRUS 12 B2,520 x 470 x 160 mm,
Dish,,,(2) 1.2 m or (3) 0.9 m,
RRU/RRH,,RRUS 11 B2,640 x 380 x 150 mm,
Dish,Huawei,AM-4-16-CR,1.2 m,
Antenna,Amphenol,BGD3-800TV,1340 x 300 x 90 mm,
Antenna,Rumsa,RR901804DP,1820 x 200 x 60 mm,
Antenna,Huawei,Kathrein 739686,2580x262x116,
Dish,Ericsson,AM-4-15-CR,1.2,
Dish,Ericsson,UKY-220/43-SC15,0.6,
Antenna,EMS,RR901804DP,1820x200x60,
Antenna,RYMSA,BGD3-800TV,1340x300x90,
Antenna,Kathrein,739686,2580 x 262 x 116 mm,
Antenna,EMS,RR651802DP,1422 x 203 x 71 mm,
Dish,Ericsson,"Minilink,",0.6m,
Dish,TBD,TBD,(2) 1.2m or (3) 0.9m,
Dish,Ericsson,UKY21095/SC11,0.6M,
Antenna,Commscope,LDX-6515DS-VTM,2073 x 269 x 132.00mm,
Antenna,Commscope,RVV-65D-R3,2688mm x 350 x 208mm,
Antenna,Huawei,ADU4516,1999x429x196,
Antenna,Huawei,ADU4516,1999 x 429 x 196 mm,
Antenna,Comba,ODV2,1315 x 269 x 90 mm,
Antenna,Moyano,MY-DTNS-196518,1360 x 160 x 80 mm,
RRU/RRH,Ericsson,221920,365 x 286 x 470mm,
Dish,TBD,,(2)1.2m or (3)0.9m,
RRU/RRH,Huawei,AAU5733,995 x 499 x 210 mm,
Antenna,Commscope,AAU5281,860 x 395 x 170 mm,
RRU/RRH,Huawei,AAU5281,860 x 395 x 170 mm,
Antenna,HUAWEI,AAU5733,995 x 499 x 210 mm,
RRU/RRH,Huawei,3804,488x 280 x 155 mm,
Antenna,Commscope,HWXX 6516DS1-VTM,1390x305x118 mm,
Antenna,Commscope,2W-33 C-R4,2499 x 395 x 228 mm,
RRU/RRH,Huawei,AAU5281,860x395x170,
Dish,Ericsson,Mini Link 6352,0.6 m,
Antenna,Huawei,AAU5281,860x395x170,
Antenna,Huawei,2VV-33C-R4,2499x395x228,
RRU/RRH,TBD,TBD,640x383x169mm,
RRU/RRH,Ericsson,RRUS 12B2,636 x 383 x 169 mm,
RRU/RRH,Ericsson,RRUS 11B2,636 x 383 x 169 mm,
Dish,TBD,TBD,(2)1.2m or (3) 0.9m,
Antenna,Andrew,HBX 6513DS-VTM,695 x 166 x 83 mm,
Antenna,Huawei,HBX6516-VTM,1306x166x83,
RRU/RRH,Ericsson,12B2,5184x470x156mm,
Antenna,Andrew,HBX6516-VTM,1306x166x83 mm,
RRU/RRH,,RRUS 12 B2,518 x 470 x 156 mm,
Antenna,Commscope,HBX-6513DS-VTM,1306 x 166 x 83 mm,
RRU/RRH,Ericsson,12 B2,520x470x160mm,
Antenna,Andrew,HBXX-6516DS-VTM,1300x300x160mm,
RRU/RRH,Ericsson,11 B2,640x380x160 mm,
Antenna,Rymsa,RR651802DP,1420x200x70mm,
Antenna,N/D,N/D,N/D,
Dish,Huawei,N/D,0.6m,
Dish,Huawei,N/D,1.2m,
Dish,Huawei,N/D,0.9m,
Dish,Ericsson,Mimilink,1.8m,
Dish,HUAWEI,C11U06RRC,1.2m,
Antenna,Huawei,ATR4516R8V07,1100mm x 259mm x 135 mm,
Antenna,Huawei,AMB4519R5V06,2685mm x 359mm x 178 mm,
Dish,HUAWEI,A15S03HAC,0.60 m,
Dish,Huawei,C11U06RRC,1.2,
Antenna,Huawei,ATR4516R8V07,1100x259x135,
RRU/RRH,TBD,TBD,400 x 300 x 170mm,
RRU/RRH,Huawei,B02-1900,514X334X176,
Dish,Ericsson,0.90m,45.81 kg,
RRU/RRH,,B02-1900,610 X 380 X 200 mm,
RRU/RRH,Huawei,5904W,400x300x 150,
Antenna,Huawei,ATR4518R13V06,1499 x 359 x 178 mm,
RRU/RRH,Huawei,5508,480x355x140,
RRU/RRH,Huawei,RRU3971,400 x 300 x 100 mm,
RRU/RRH,Huawei,RRU5909,400 x 300 x 100 mm,
RRU/RRH,Huawei,RRU3971 / RRU3959,400 mm x 300 mm x 100 mm,
RRU/RRH,Huawei,RRU3971 / RRU3959,400 x 300 x 100 mm,
RRU/RRH,Huawei,"B08-0900, B02-1900","300 x 120 x 100 mm, 400 x 300 x 120 mm",
Antenna,Huawei,ADU4518R1V06,1.36x0.26x0.86,
RRU/RRH,Huawei,5904W,0.40x0.30x0.15,
Antenna,Huawei,ATR4518R13,1499 x 359 x 178 mm,
RRU/RRH,Huawei,5909,0.40x0.30x0.10,
Antenna,Huawei,ATR4618R6V06,1999x349x166,
Antenna,Huawei,C-BXA-171065-8-x-FP-A,2417x30,
Antenna,Amphenol,C-BXA-171065-8-x-FP-A,1760 x 300 mm,
RRU/RRH,Huawei,RRU3942,485 x 380 x 170 mm,
RRU/RRH,Huawei,5508,480x3456x140,
Antenna,Huawei,AQU4518R23V18,1429x429x125,
Antenna,Huawei,ATR4518R13V06,1999 x 349 x 166 mm,
Antenna,Huawei,ADU4514S0v06,1755x265x270,
Antenna,HUAWEI,ADU4518R1V06,136mm0 x 269mm x 86 mm,
RRU/RRH,TBD,,518mm x 470mm x 156mm,
Antenna,HUAWEI,ATR4518R6V06,1365mm x 269mm x 86mm,
Antenna,HUAWEI,AMB4520R9V06,1509mm x 399mm x 196mm,
RRU/RRH,Huawei,AAU5711A,1400 x 395 x 175mm,
Antenna,Commscope,2CPX208R-V3,2229x593x209mm,
Antenna,TBD,TBD,2499x395x228mm,
Antenna,HUAWEI,AAU5711A,1400x395x175mm,
RRU/RRH,TBD,,400mm x 300mm x 150mm,
Antenna,Huawei,ADU4518RV06,1999mm x 349mm x 166 mm,
Antenna,Huawei,AMB4519R6V06,2099mm x 399mm x 196 mm,
Antenna,Huawei,CSGPS-38BH,100x100x200,
Antenna,Huawei,ADU4518RV06,1999x349x166,
Antenna,Huawei,5904w,400x300x150,
Antenna,Huawei,CSGPS-38BH,200x100x100,
Antenna,Commscope,2CPX208R-V3,2229x593x209,
Antenna,Commscope,2VV-33C-RM,2449x395x228,
